date,hml_return,value_return,growth_return,formation_year,cumulative_hml
1962-07-31,-0.00750713818742299,0.0618147041082734,0.06932184229569639,1962,-0.00750713818742299
1962-08-31,0.011632621063194421,0.028974459387486197,0.017341838324291776,1962,0.0040381551819681505
1962-09-30,0.017080832524099823,-0.05522248419311493,-0.07230331671721475,1962,0.021187962758437484
1962-10-31,0.008550251345147593,-0.017887399846992752,-0.026437651192140345,1962,0.029919376510661344
1962-11-30,-0.016493176419864475,0.13138095989859716,0.14787413631846164,1962,0.01293273453563426
1962-12-31,0.010372952824504685,-0.004003776335936712,-0.014376729160441398,1962,0.023439838005368863
1963-01-31,0.012584913347864782,0.08861672263833748,0.0760318092904727,1962,0.03631973968341917
1963-02-28,0.033270056153289394,0.0016576855092240027,-0.03161237064406539,1962,0.07079815561544889
1963-03-31,0.008328354862579577,0.02823202371000301,0.019903668847423433,1962,0.0797161426416102
1963-04-30,0.003676496670181467,0.04182767347975398,0.038151176809572515,1962,0.08368571544477321
1963-05-31,0.024735458504272424,0.04600934819011715,0.021273889685844725,1962,0.11049117849083023
1963-06-30,-0.008901253728763908,-0.02081301370473109,-0.011911759975967183,1962,0.10060641474752918
1963-07-31,-0.006846948998325073,-0.009157925971985462,-0.0023109769736603886,1963,0.09307061875852352
1963-08-31,-0.0009926862499880368,0.05521387750093926,0.056206563750927294,1963,0.09198554258501601
1963-09-30,0.017566302447224992,-0.011753851683206,-0.02932015413043099,1963,0.11116769089406153
1963-10-31,-0.0032517134944372514,0.025747025111275496,0.028998738605712747,1963,0.1075544919189988
1963-11-30,0.01875835078217178,-0.000560575942842703,-0.019318926725014483,1963,0.12833038758878534
1963-12-31,-0.00402479901868695,0.008237869580946352,0.012262668599633302,1963,0.12378908455206328
1964-01-31,0.012083213147377984,0.029203616663843163,0.01712040351646518,1963,0.1373680675934026
1964-02-29,0.020338967272533745,0.03475575745657028,0.014416790184036535,1963,0.16050095949700993
1964-03-31,0.030488604974766343,0.044907027802678315,0.014418422827911972,1963,0.19588301482395165
1964-04-30,0.007212826814638824,-0.00019460117530204125,-0.007407427989940865,1963,0.20450871190044495
1964-05-31,0.01302833189551102,0.020243332615656882,0.007215000720145862,1963,0.22020145117011847
1964-06-30,-0.005320671372164651,0.013999954556689545,0.019320625928854196,1963,0.21370916024060382
1964-07-31,-0.01231741879662557,0.015414173973745787,0.027731592770371356,1964,0.19875939621661942
1964-08-31,-0.006631928345525679,-0.007141200973365951,-0.0005092726278402718,1964,0.19080930979738508
1964-09-30,0.006507444664905739,0.03294697353126558,0.02643952886635984,1964,0.1985584354873462
1964-10-31,0.0002859419649719995,0.020065688973475826,0.019779747008503826,1964,0.19890115364152305
1964-11-30,-0.02122513568673921,-0.005656659520901729,0.01556847616583748,1964,0.1734543139804936
1964-12-31,-0.025141846188603458,-0.017882603621758413,0.0072592425668450465,1964,0.14395150610904284
1965-01-31,0.006059257830379666,0.06850537956533198,0.062446121734952315,1964,0.1508830032300088
1965-02-28,0.00593869956510697,0.03602467703972128,0.03008597747461431,1964,0.15771775162077994
1965-03-31,0.0061187885690223535,0.0030488367912438275,-0.0030699517777785256,1964,0.16480158176555149
1965-04-30,0.025876005510848794,0.05026154912827581,0.024385543617427015,1964,0.1949419939143624
1965-05-31,0.0026711868072579357,-0.004127324220489505,-0.006798511027747441,1964,0.19813390720394497
1965-06-30,-0.017853411453130894,-0.08129576835389754,-0.06344235690076665,1964,0.17674312958268557
1965-07-31,0.018714072135768117,0.03372496848207676,0.015010896346308644,1965,0.19876478539496545
1965-08-31,-0.005896261884814881,0.03736455506495371,0.04326081694976859,1965,0.19169655428198284
1965-09-30,0.014484771580905088,0.036659375853687406,0.022174604272782318,1965,0.20895800666450914
1965-10-31,0.01888214499953189,0.04887298547744923,0.029990840477917335,1965,0.2317857270446937
1965-11-30,0.00747051232049201,0.024932998305431334,0.017462485984939324,1965,0.24098779749478738
1965-12-31,0.035006923235872574,0.047633490237155345,0.012626567001282772,1965,0.28443096205834184
1966-01-31,0.014810843307221808,0.04644792422634336,0.031637080919121555,1965,0.3034544677763322
1966-02-28,0.03338183637592654,0.02125786901393895,-0.012123967361987585,1965,0.34696617154311227
1966-03-31,-0.036942098526739346,-0.03152224203542858,0.0054198564913107644,1965,0.29720641452178165
1966-04-30,0.008352678682744544,0.03706987495680775,0.028717196274063203,1965,0.3080415628874773
1966-05-31,-0.022126850015492465,-0.07696081108553961,-0.05483396107004714,1965,0.2790987234114357
1966-06-30,0.013820542175307472,0.007835648490887137,-0.005984893684420334,1965,0.2967765612647255
1966-07-31,-0.012116354913132222,-0.02100715114380404,-0.008890796230671818,1966,0.2810643562054109
1966-08-31,0.00391824271308254,-0.08414463375906304,-0.08806287647214558,1966,0.28608387728410256
1966-09-30,-0.014658767272937322,-0.02716913372646635,-0.012510366453529029,1966,0.2672314730335179
1966-10-31,-0.018405960316145345,0.008676779236589398,0.027082739552734745,1966,0.24390686082949253
1966-11-30,-0.018937770673090024,0.02664825545795139,0.045586026131041416,1966,0.2203500379604204
1966-12-31,0.0021526783488655978,0.01948132693642361,0.01732864858755801,1966,0.22297705906517518
1967-01-31,0.04564726661039831,0.148873342034,0.10322607542360168,1966,0.27880261893872427
1967-02-28,-0.006566683813984016,0.020892016935092565,0.02745870074907658,1966,0.270405126479659
1967-03-31,-0.0007374782041127126,0.05506109383801051,0.05579857204212322,1966,0.2694682303884872
1967-04-30,-0.009384973393975392,0.039580613635556004,0.048965587029531396,1966,0.2575543048217943
1967-05-31,0.014462290112154816,-0.011092122699797136,-0.025554412811951952,1966,0.2757414200099162
1967-06-30,0.03651651995013062,0.06624101755011225,0.02972449759998163,1966,0.3223270570249164
1967-07-31,0.009065976022206712,0.08327826796665769,0.07421229194445098,1967,0.3343152424174194
1967-08-31,0.030876600588798722,0.01804164887726205,-0.012834951711536672,1967,0.37551436121708837
1967-09-30,-0.0010933732488561734,0.03963614874014698,0.040729521989003155,1967,0.3740104106111162
1967-10-31,-0.006280132793827893,-0.03141621709671935,-0.025136084302891458,1967,0.3653814427723763
1967-11-30,-0.02186395412158909,-0.013283620312595022,0.008580333808994069,1967,0.3355288055491319
1967-12-31,-0.0017650636066073866,0.06512645045246107,0.06689151405906846,1967,0.3331715122588814
1968-01-31,0.039613390361790915,0.018529924911343112,-0.021083465450447803,1967,0.38598295579321173
1968-02-29,-0.0004555189275816801,-0.04792026082962013,-0.04746474190203845,1967,0.38535161432354226
1968-03-31,-0.003947319705130099,-0.008134355176347996,-0.004187035471217898,1967,0.37988318859778913
1968-04-30,-0.010016000275421613,0.12216068850948476,0.13217668878490638,1967,0.3660622782007441
1968-05-31,-0.0021189732094806374,0.06836949452773992,0.07048846773722056,1967,0.3631676288307546
1968-06-30,0.011191982954953415,0.019893238207879617,0.008701255252926202,1967,0.3784241776973727
1968-07-31,0.024976940175869843,-0.02271111126220724,-0.047688051438077084,1968,0.4128529959206926
1968-08-31,0.033544495981013715,0.04961991278875561,0.016075416807741896,1968,0.4602464375641173
1968-09-30,0.013131816314157607,0.07753202555299585,0.06440020923883824,1968,0.47942212555561237
1968-10-31,0.009110394304990239,0.007716456018301021,-0.001393938286689217,1968,0.49290024446295067
1968-11-30,-0.00602623912669642,0.07020915277007905,0.07623539189677547,1968,0.4839036705975135
1968-12-31,0.005813141980004489,-0.007272969102022501,-0.01308611108202699,1968,0.49252981331934675
1969-01-31,0.0022396267554213103,-0.003573254592969915,-0.005812881348391225,1968,0.4958725230225205
1969-02-28,0.006422052884341611,-0.07802384698662435,-0.08444589987096596,1968,0.5054790954736044
1969-03-31,0.014537574335978656,0.030070602104530546,0.01553302776855189,1968,0.5273651097353136
1969-04-30,-0.00015525699280420115,0.012869147889216191,0.013024404882020392,1968,0.5271279756214622
1969-05-31,0.0008766551478527414,0.0014622711086191825,0.0005856159607664411,1968,0.5284667402227206
1969-06-30,-0.011133782657543487,-0.10976102533223102,-0.09862724267468753,1968,0.5114491237377967
1969-07-31,0.01601653944007328,-0.07703506357962572,-0.093051603019699,1969,0.5356573082398073
1969-08-31,-0.02562232205860314,0.0370603789034092,0.06268270096201234,1969,0.4963102021164394
1969-09-30,-0.021700395472045043,-0.03334732765897454,-0.011646932186929495,1969,0.463839678981657
1969-10-31,-0.02913494351198742,0.07326516486866946,0.10240010838065688,1969,0.4211907926239207
1969-11-30,-0.00546800697866183,-0.05448136620586993,-0.0490133592272081,1969,0.4134197114518432
1969-12-31,0.0007573587457530562,-0.053284304880438185,-0.05404166362619124,1969,0.41449017723173087
1970-01-31,0.028115469714745094,-0.03966064903165876,-0.06777611874640385,1969,0.45425923297149384
1970-02-28,0.016553973352998255,0.059382698743138285,0.04282872539014003,1969,0.4783330015624556
1970-03-31,0.03705685700049277,0.001826039454227952,-0.03523081754626482,1969,0.5331153762004648
1970-04-30,0.07129839239275988,-0.1056180106240782,-0.1769164030168381,1969,0.6424240378761792
1970-05-31,0.017565989450911798,-0.07998081990313816,-0.09754680935404995,1969,0.671274841199436
1970-06-30,0.025466452657913433,-0.056644281346360695,-0.08211073400427413,1969,0.713836282821203
1970-07-31,0.0035848120599690364,0.06886621902501924,0.0652814069650502,1970,0.7199800637966731
1970-08-31,-0.02167502396810815,0.049408187528979006,0.07108321149708716,1970,0.682699454689212
1970-09-30,-0.07371401673792834,0.0660234480596703,0.13973746479759863,1970,0.5586609189213485
1970-10-31,0.016288864141334805,-0.04335937145166618,-0.05964823559300098,1970,0.5840497348720664
1970-11-30,0.017321026150512186,0.032470879439481404,0.015149853288969218,1970,0.6114871017534973
1970-12-31,0.025588476200776922,0.09107630831246011,0.06548783211168319,1970,0.6527226011045757
1971-01-31,-0.011186697990338196,0.10576040730355124,0.11694710529388944,1970,0.6342340925042125
1971-02-28,-0.02290603966673799,0.022399578553147444,0.045305618219885435,1970,0.5968002615565755
1971-03-31,-0.03173479321218099,0.03719584556022855,0.06893063877240954,1970,0.5461261354549212
1971-04-30,-0.0077772577856589295,0.02857774224532069,0.03635500003097962,1970,0.5341015139303436
1971-05-31,0.002557564433103683,-0.04414312929835921,-0.04670069373146289,1970,0.5380250773991424
1971-06-30,-0.008291006956812612,-0.015228440867576371,-0.0069374339107637585,1970,0.5252733007826738
1971-07-31,0.019287364100684462,-0.04474062745832762,-0.06402799155901208,1971,0.5546918022879221
1971-08-31,0.016222231537309367,0.05997027946708733,0.04374804792977796,1971,0.5799123726737936
1971-09-30,-0.011315735888785284,-0.013134879442921608,-0.0018191435541363235,1971,0.5620345015371928
1971-10-31,0.008846446832145215,-0.055067694443502326,-0.06391414127564754,1971,0.5758529567050179
1971-11-30,-0.004404256716903393,-0.02832465777676562,-0.023920401059862227,1971,0.5689124957355978
1971-12-31,-0.026769101624621344,0.10944421700868581,0.13621331863330716,1971,0.5269141176971133
1972-01-31,-0.00873864175090594,0.08229184594594713,0.09103048769685307,1971,0.5135709622381577
1972-02-29,-0.028841564321039175,0.022175219520191428,0.0510167838412306,1971,0.46991720797630876
1972-03-31,0.00012223719979730145,0.0005184409159957115,0.00039620371619841,1971,0.4700968865397457
1972-04-30,0.010228378177239608,0.013299788659777172,0.0030714104825375634,1971,0.48513359345245677
1972-05-31,-0.010674415265116423,-0.015552317590932868,-0.004877902325816445,1971,0.46928066075177055
1972-06-30,-0.005598233208826034,-0.03723086916823726,-0.03163263595941122,1971,0.4610552849636642
1972-07-31,0.013048276911355832,-0.022339021750966085,-0.03538729866232192,1972,0.48011953890466996
1972-08-31,0.021708410343567158,0.03128093576271108,0.009572525419143921,1972,0.512250581212744
1972-09-30,-0.001448406579305228,-0.032822315353508026,-0.0313739087742028,1972,0.5100602275213573
1972-10-31,0.005568255992405473,-0.008999689317610486,-0.01456794531001596,1972,0.5184686294321463
1972-11-30,0.03349810366459113,0.07492940426533055,0.04143130060073942,1972,0.569334448992294
1972-12-31,-0.019806564653701772,-0.02732119903740665,-0.00751463438370488,1972,0.5382513247650467
1973-01-31,0.017793604245496877,-0.04125636436974946,-0.059049968615246334,1972,0.5656223600680272
1973-02-28,0.02534160846295705,-0.0544977498319065,-0.07983935829486355,1972,0.6052977489177218
1973-03-31,0.038097841202073754,0.002176603589269045,-0.03592123761280471,1972,0.6664561276380359
1973-04-30,0.034869746655931635,-0.057120684170005445,-0.09199043082593708,1972,0.7245650306219988
1973-05-31,0.004492261295040753,-0.06999914836219273,-0.07449140965723348,1972,0.7323122273598426
1973-06-30,0.005171957228755741,-0.02961327631796911,-0.03478523354672485,1972,0.7412716721065982
1973-07-31,-0.0753411747641051,0.08222537336229971,0.1575665481264048,1973,0.6100822187466295
1973-08-31,0.027962875041623245,-0.025114795901827205,-0.05307767094345045,1973,0.655104746636181
1973-09-30,-0.007243974883134607,0.08718139674027967,0.09442537162341427,1973,0.6431152094225918
1973-10-31,0.03306985117276421,0.015005691605917242,-0.01806415956684697,1973,0.6974527848579024
1973-11-30,0.049312284127887795,-0.15277799609381326,-0.20209028022170106,1973,0.7811580588784899
1973-12-31,0.04259963738868189,0.006537469159650349,-0.036062168229031535,1973,0.8570347463186421
1974-01-31,0.017544510698333335,0.12344726290031008,0.10590275220197674,1973,0.8896155122926064
1974-02-28,0.025206985308786588,0.01682790624904902,-0.008379079059737567,1973,0.9372470227502214
1974-03-31,0.0052929954819186395,0.0011018376679576853,-0.004191157813960954,1973,0.9475008624889989
1974-04-30,0.021145592977454636,-0.04137947263563342,-0.06252506561308806,1973,0.9886819230504331
1974-05-31,-0.0050128540975622055,-0.07370039839397996,-0.06868754429641775,1973,0.9787129507237218
1974-06-30,0.013734160227286702,-0.017376354205899006,-0.03111051443318571,1973,1.0058889114327685
1974-07-31,0.06875714984640355,-0.010981979922063744,-0.0797391297684673,1974,1.1438081158913906
1974-08-31,0.03727463183901643,-0.06689782548706256,-0.104172457326079,1974,1.2237177741447378
1974-09-30,0.04618313933033302,-0.06854969086559137,-0.1147328301959244,1974,1.3264160419394027
1974-10-31,-0.04391741480264279,0.10340098978861771,0.1473184045912605,1974,1.2242458636220275
1974-11-30,0.015187039721976908,-0.038398344368941115,-0.05358538409091802,1974,1.2580255739042978
1974-12-31,0.002788437008555092,-0.06222171619563757,-0.06501015320419266,1974,1.2643219359808366
1975-01-31,-0.027336424190507524,0.2576336823961858,0.2849701065866933,1974,1.2024234710349933
1975-02-28,-0.03740160094019726,0.04048673885889176,0.07788833979908902,1974,1.1200493072700182
1975-03-31,-0.03609654214472392,0.06367371412111959,0.09977025626584352,1974,1.0435228581012534
1975-04-30,-0.014233644340163831,0.03753138807472761,0.05176503241489144,1974,1.014436080538045
1975-05-31,-0.0229770805514469,0.05525322918546875,0.07823030973691565,1974,0.9681502204497814
1975-06-30,0.0036018036370908113,0.07586406137886487,0.07226225774177406,1974,0.9752391110721386
1975-07-31,0.030027026633804698,-0.0145853342544706,-0.0446123608882753,1975,1.0345496684684345
1975-08-31,0.014879029360991884,-0.03841125432680539,-0.05329028368779727,1975,1.0648217927219727
1975-09-30,0.018580279972202907,-0.02987485523206304,-0.04845513520426595,1975,1.1031867597234526
1975-10-31,-0.007609049372205051,0.02876860740782329,0.03637765678002834,1975,1.087183507829749
1975-11-30,0.011651472590690486,0.031010765371122156,0.01935929278043167,1975,1.1115022692629686
1975-12-31,0.00904594098421883,0.00014927846270335662,-0.008896662521515473,1975,1.1306027941787655
1976-01-31,0.04755586843417159,0.21645266369714616,0.16889679526297458,1975,1.2319254603442094
1976-02-29,0.04969216880080421,0.10714741455677053,0.05745524575596632,1975,1.3428346770704467
1976-03-31,0.0051872952931861435,0.022993906972173017,0.017806611678986874,1975,1.3549876523635276
1976-04-30,0.006644771521347834,-0.008991701138414143,-0.015636472659761976,1975,1.3706360072490784
1976-05-31,-0.004061504949391292,-0.021255716087747775,-0.017194211138356483,1975,1.361007657372431
1976-06-30,0.006906979734197294,0.046663055945809356,0.03975607621161206,1975,1.3773150894141866
1976-07-31,0.009252144901429242,0.0012895605501291678,-0.007962584351300074,1976,1.399310353097801
1976-08-31,0.0016633429013765862,-0.018819231112253112,-0.020482574013629698,1976,1.4033012289418259
1976-09-30,-0.006022743329954443,0.018395148608675096,0.02441789193862954,1976,1.388826762495345
1976-10-31,-0.006091124814815316,-0.03202844562592901,-0.025937320811113697,1976,1.3742761205240148
1976-11-30,0.008834381042246917,0.032600669132605856,0.02376628809035894,1976,1.3952513804722315
1976-12-31,0.015655355111129435,0.0981799321494673,0.08252457703833786,1976,1.432749891413947
1977-01-31,0.023837953566651696,0.02304145455489379,-0.0007964990117579063,1976,1.4907416703647498
1977-02-28,0.005205407420044616,-0.010799883513292294,-0.01600529093333691,1976,1.503706995537081
1977-03-31,0.01132012272867012,0.012830057152730091,0.0015099344240599713,1976,1.5320492660031908
1977-04-30,0.013815947073438067,0.023385872231296338,0.009569925157858272,1976,1.5670319246496285
1977-05-31,0.0011201405760640371,-0.004517163175520271,-0.0056373037515843084,1976,1.5699073612684806
1977-06-30,-0.011727974647347005,0.053462852642250265,0.06519082728959727,1976,1.5397675528894936
1977-07-31,0.003209808140793583,-0.0025736165355371605,-0.005783424676330744,1977,1.5479197194564818
1977-08-31,-0.01595424228006099,-0.015346918472199652,0.0006073238078613385,1977,1.507269590942128
1977-09-30,-0.005287278025654077,0.003971904729480825,0.009259182755134902,1977,1.4940129595295488
1977-10-31,0.0062499001308616055,-0.030531800310496054,-0.03678170044135766,1977,1.509600291451683
1977-11-30,-0.0005371414098866018,0.07259314348995369,0.07313028489984029,1977,1.5082522812128811
1977-12-31,0.0008379404010727901,0.014221421268079765,0.013383480867006975,1977,1.5103540471353925
1978-01-31,0.02489588182529002,-0.01596978980943016,-0.04086567163472018,1977,1.572851524832514
1978-02-28,0.005876995356345424,0.012075027670635527,0.006198032314290103,1977,1.5879721612965207
1978-03-31,0.00640258948923432,0.06821545545850802,0.0618128659692737,1977,1.6045418846548691
1978-04-30,-0.0054615117198404395,0.08413389661648907,0.08959540833632951,1977,1.5903171486270113
1978-05-31,-0.008030073632308232,0.050841612651610815,0.05887168628391905,1977,1.569516711192506
1978-06-30,0.007706009543856847,0.00031921033097462564,-0.007386799212882222,1977,1.5893174314920548
1978-07-31,-0.008639342167372215,0.05311333607861045,0.06175267824598266,1978,1.5669474322214536
1978-08-31,-0.0003355138916156519,0.07453455036022219,0.07487006425183784,1978,1.5660861856988961
1978-09-30,0.016101909575010273,0.003341203904459968,-0.012760705670550303,1978,1.607405073422703
1978-10-31,0.010829534607567998,-0.1750262857313041,-0.1858558203388721,1978,1.6356420569012826
1978-11-30,-0.018570391148466037,0.04221019229696624,0.060780583445432274,1978,1.5866971529772784
1978-12-31,-0.012074482980225357,0.005181810775707792,0.01725629375593315,1978,1.5554641222286567
1979-01-31,0.02129339823426181,0.09618207949338738,0.07488868125912557,1978,1.6098786374566396
1979-02-28,0.013619753027842366,-0.021746605329925797,-0.03536635835776816,1978,1.6454245399314407
1979-03-31,-0.0027970635698806035,0.08941787799124981,0.09221494156113041,1978,1.6380251193239301
1979-04-30,0.004665062198670768,0.02519476429286515,0.020529702094194382,1978,1.6503316705872324
1979-05-31,0.00980391803496749,-0.007666795583164817,-0.017470713618132308,1978,1.6763153050511477
1979-06-30,-0.0070309799941428094,0.05189418749289404,0.05892516748703685,1978,1.6574981856833149
1979-07-31,0.014282022400180582,0.03312938042623848,0.0188473580260579,1979,1.695452634299683
1979-08-31,-0.018589618521476725,0.06923007045676136,0.08781968897823808,1979,1.6453451980853426
1979-09-30,-0.009765380551360123,-0.009543288690915521,0.00022209186044460207,1979,1.6195123955363262
1979-10-31,-0.017308193548416853,-0.10417818613121768,-0.08686999258280083,1979,1.5741733679919063
1979-11-30,-0.03824616610702813,0.053582627396270864,0.09182879350329899,1979,1.4757211057713997
1979-12-31,-0.014774498986663193,0.04822245820205885,0.06299695718872204,1979,1.4391435668029193
1980-01-31,0.01064372874521373,0.09292199945347238,0.08227827070825865,1979,1.4651051492986027
1980-02-29,-0.003973715217973753,-0.022729974617085612,-0.01875625939911186,1979,1.4553095234529296
1980-03-31,0.0005714803507755883,-0.1507992042060286,-0.1513706845568042,1979,1.4567126846006548
1980-04-30,-0.002933331710618478,0.05486962088251296,0.05780295259313144,1979,1.449506331379037
1980-05-31,-0.0032972601773773036,0.07522507431198702,0.07852233448936433,1979,1.4414296716983475
1980-06-30,-0.011792316174520992,0.034048125039353616,0.04584044121387461,1979,1.4126395610918236
1980-07-31,-0.046759912488296584,0.07531505458769677,0.12207496707599336,1980,1.2998247463493677
1980-08-31,-0.02837914681825677,0.04384925405768519,0.07222840087594196,1980,1.2345576822164586
1980-09-30,-0.016192963936459106,0.02838261488199013,0.04457557881844924,1980,1.19837357025439
1980-10-31,-0.021690854968081374,0.012715878761620383,0.03440673372970176,1980,1.1506889679763388
1980-11-30,-0.052750175347976144,0.04083784360833624,0.09358801895631239,1980,1.037239747796629
1980-12-31,0.012841916243399972,-0.022981242774682904,-0.035823159018082876,1980,1.0634018100055584
1981-01-31,0.03637435689603225,0.015391493181321826,-0.020982863714710424,1980,1.1384567238626193
1981-02-28,0.007885566706207296,0.021039852287814742,0.013154285581607446,1980,1.1553196670069754
1981-03-31,0.001924885139614932,0.0826236397015587,0.08069875456194377,1980,1.159468409805117
1981-04-30,0.0012737281450216388,0.02407468731972914,0.0228009591747075,1980,1.162218985496971
1981-05-31,0.0011659129756068365,0.025859276478448323,0.024693363502841487,1980,1.164739944668265
1981-06-30,0.03442464663288304,0.008074465546551193,-0.026350181086331845,1980,1.2392603523155565
1981-07-31,0.0017270134696890892,-0.017133469429587152,-0.01886048289927624,1981,1.2431275851061465
1981-08-31,0.03708304735140072,-0.05018245164113755,-0.08726549899253827,1981,1.326309591559871
1981-09-30,0.040143451575170595,-0.05214445477113112,-0.09228790634630171,1981,1.4196956879975096
1981-10-31,-0.04392757847101039,0.04586225358358986,0.08978983205460025,1981,1.3134043157870336
1981-11-30,0.025154184914460843,0.03960712693271332,0.01445294201825248,1981,1.3715961157282521
1981-12-31,0.011489324756123496,-0.01946233683755867,-0.030951661593682164,1981,1.398844153692215
1982-01-31,0.020707796626235734,-0.008170366941416502,-0.028878163567652236,1981,1.4485189305649078
1982-02-28,0.05481488498423086,-0.011297081129958458,-0.06611196611418932,1981,1.5827342141255354
1982-03-31,0.021002979560800123,0.002872261705493587,-0.018130717855306535,1981,1.6369793280357934
1982-04-30,-0.016746367052004545,0.04872591451666098,0.06547228156866552,1981,1.5928195042999578
1982-05-31,0.010156935320951587,-0.022970764980648695,-0.03312770030160028,1981,1.6191546043040344
1982-06-30,0.03173373484479286,-0.010280102374014884,-0.04201383721880775,1981,1.7022701620345368
1982-07-31,0.022776782545061575,-0.010220972817414705,-0.03299775536247628,1982,1.7638191818932056
1982-08-31,-0.010588752081871128,0.08159211365580107,0.0921808657376722,1982,1.7345537857770186
1982-09-30,0.026498443318192122,0.037646075149494605,0.011147631831302485,1982,1.8070152042699785
1982-10-31,-0.029830127453695093,0.11939437115663579,0.14922449861033088,1982,1.7232815829621453
1982-11-30,0.0192312459901893,0.08448217845743511,0.06525093246724581,1982,1.7756536809846426
1982-12-31,0.008631890420716274,0.024757921545778338,0.016126031125062064,1982,1.7996128194047598
1983-01-31,-0.05227739063770011,0.06131177626575725,0.11358916690345736,1982,1.653256366410424
1983-02-28,0.033370455589621775,0.06478667094700588,0.031416215357384106,1982,1.741796740153604
1983-03-31,0.030949476988372047,0.06264617930075013,0.03169670231237808,1982,1.8266539152697816
1983-04-30,0.010236220077399535,0.07771775156278415,0.06748153148538462,1982,1.855588166829126
1983-05-31,-0.04061391849048639,0.04471056572505289,0.08532448421553929,1982,1.7396115417791305
1983-06-30,-0.027640759718952093,0.02527107480038166,0.052911834519333754,1982,1.6638865974295456
1983-07-31,0.02970635422064547,-0.006303048385732224,-0.036009402606377694,1983,1.7430209562964176
1983-08-31,0.019011463989368503,-0.007207680509510373,-0.026219144498878875,1983,1.7951698004291305
1983-09-30,0.027311817037580344,0.024066764796133032,-0.0032450522414473135,1983,1.871510966607421
1983-10-31,0.05600308824733735,-0.016312239398483502,-0.07231532764582085,1983,2.032324448673534
1983-11-30,0.018018506025486235,0.04956014958574714,0.03154164356026091,1983,2.086962405023187
1983-12-31,0.017845557068953594,-0.008116082683933656,-0.02596163975288725,1983,2.1420509687917426
1984-01-31,0.02757360689659138,0.008041796704458416,-0.019531810192132966,1983,2.22868864705426
1984-02-29,0.010421898993412879,-0.047751934149478106,-0.058173833142890985,1983,2.2623377140150382
1984-03-31,0.010936784308284472,0.018956714357200206,0.008019930048915734,1983,2.2980171979340023
1984-04-30,-0.0014165975293417617,-0.016718060330773388,-0.015301462801431626,1983,2.2933452349196823
1984-05-31,0.010561981386352157,-0.04391379310635547,-0.05447577449270763,1983,2.3281294859897357
1984-06-30,-0.002374053018936423,0.023154770632750583,0.025528823651687006,1983,2.32022833013611
1984-07-31,0.024113474061587464,-0.024918152864878734,-0.0490316269264662,1984,2.4002905698533947
1984-08-31,-0.014845817377095005,0.09903684183607359,0.11388265921316859,1984,2.349810477024293
1984-09-30,0.037457675095144985,0.0179181866200952,-0.01953948847504979,1984,2.4752865895029816
1984-10-31,0.018101978745312237,-0.004382221557699607,-0.022484200303011844,1984,2.5381961534800332
1984-11-30,0.03932990316129427,-0.004773774775588847,-0.044103677936883114,1984,2.677353065562067
1984-12-31,0.007202791610372865,0.022184534458390824,0.014981742848017959,1984,2.703840273371077
1985-01-31,-0.04251615093913905,0.08766211509327193,0.13017826603241098,1984,2.54636724125397
1985-02-28,-0.012420257454563474,0.02486365845228128,0.03728391590684475,1984,2.502320447089166
1985-03-31,0.026889737295080846,0.0025062392962436923,-0.024383497998837152,1984,2.5964969238345836
1985-04-30,0.025224420872687163,0.0014555849467479901,-0.023768835925939175,1984,2.6872164759087114
1985-05-31,-0.004886374006958134,0.033698056772237,0.038584430779195135,1984,2.669199357162803
1985-06-30,0.005050764971436051,0.010857798666924911,0.005807033695488861,1984,2.6877316207491764
1985-07-31,-0.005342660286513681,0.007651108795209372,0.012993769081723052,1985,2.668029323471679
1985-08-31,0.019251052933368134,0.004343981392632788,-0.014907071540735346,1985,2.7386427501389785
1985-09-30,0.02460339171297548,-0.03989628345609094,-0.06449967516906642,1985,2.830626042195524
1985-10-31,0.01198359085300587,0.041212274588844425,0.029228683735838555,1985,2.8765306973960647
1985-11-30,-0.01657935871980297,0.052140188869488166,0.06871954758929114,1985,2.812260304375607
1985-12-31,-0.004166983388235443,0.033811087171757764,0.03797807055999321,1985,2.7963746790156447
1986-01-31,0.002846999433403715,0.029486930378858748,0.026639930945455033,1985,2.8071829555757906
1986-02-28,-0.0076113597882055545,0.06292114113956143,0.07053250092776699,1985,2.7782051163213795
1986-03-31,0.00020339747803969216,0.04955078277667657,0.04934738529863688,1985,2.7789735937135562
1986-04-30,-0.022988536347496008,-0.008276006732642248,0.014712529614853762,1985,2.6921005218982446
1986-05-31,0.0008407917823174821,0.04639355478675952,0.04555276300444204,1985,2.6952048096765466
1986-06-30,0.02121391814154531,0.022225569251515913,0.0010116511099706048,1985,2.77359458202527
1986-07-31,0.028092339453773693,-0.059250539350335446,-0.08734287880410914,1986,2.8796036819844453
1986-08-31,0.030519201565961277,0.05831998176823565,0.02780078020227437,1986,2.998006088750974
1986-09-30,0.031284371708414624,-0.05202844027226837,-0.083312811980683,1986,3.1230811973239643
1986-10-31,-0.010751834596517178,0.034148660983002475,0.04490049557951965,1986,3.078750510262327
1986-11-30,0.0012837015951710665,0.0011763481808473061,-0.00010735341432376033,1986,3.083986408798655
1986-12-31,0.010316620871934992,-0.02592201013538063,-0.03623863100731562,1986,3.126119348224366
1987-01-31,-0.018539773478000843,0.10947005989785658,0.12800983337585742,1986,3.0496220301650894
1987-02-28,-0.03640127708921503,0.050349454774779125,0.08675073186399415,1986,2.9022106165384605
1987-03-31,0.015235890086036898,0.031784101471454496,0.016548211385417597,1986,2.961664268584607
1987-04-30,0.014897852164509954,-0.01237315625224698,-0.027271008416756934,1986,3.020684557183402
1987-05-31,0.00034919755808481175,0.01087648376037561,0.010527286202290799,1986,3.022088570412599
1987-06-30,0.013114371311301165,0.04219393526824253,0.029079563956941362,1986,3.0748357333719305
1987-07-31,0.02365319361069669,0.055253937733039604,0.031600744122342914,1987,3.1712186119051617
1987-08-31,-0.002141914750622316,0.019444361185331695,0.02158627593595401,1987,3.1622842172322514
1987-09-30,0.013496168713705143,-0.008444846990324398,-0.02194101570402954,1987,3.21845910726241
1987-10-31,0.047409996712011765,-0.24136613512125762,-0.2887761318332694,1987,3.418456239667477
1987-11-30,0.03676319554997203,-0.03301123276528146,-0.06977442831525349,1987,3.5808928104353663
1987-12-31,-0.024706360769446115,0.04205837859251081,0.06676473936195693,1987,3.467715620014588
1988-01-31,-0.0006513856440367866,0.06650416516449278,0.06715555080852957,1987,3.4648054141980715
1988-02-29,-0.014528776613266903,0.06385654024056406,0.07838531685383096,1987,3.3999372537134835
1988-03-31,0.010592780541450053,0.025924826450893657,0.015332045909443605,1987,3.446544823438221
1988-04-30,0.00774774482277318,0.013767629059020719,0.0060198842362475385,1987,3.480995518073243
1988-05-31,0.025051107901556416,0.006089237548999196,-0.018961870352557218,1987,3.593249420302887
1988-06-30,-0.005028249061949652,0.05479732595690512,0.05982557501885477,1987,3.5701534182139483
1988-07-31,0.01237421802985341,-0.0029531769202371383,-0.015327394950090549,1988,3.6267054930408076
1988-08-31,0.014609140219258715,-0.017697944082688537,-0.03230708430194725,1988,3.6942976823418556
1988-09-30,-0.008293262504051706,0.023292166502880463,0.03158542900693217,1988,3.6553666393900333
1988-10-31,0.017162943648805357,0.006663279792657174,-0.010499663856148183,1988,3.7352664346864133
1988-11-30,0.014602575591347065,-0.026014354436205523,-0.04061693002755259,1988,3.80441352074409
1988-12-31,-0.002221742501692974,0.028437206411479354,0.030658948913172328,1988,3.7937393510293447
1989-01-31,0.00224823493845229,0.07176223481682857,0.06951399987837628,1988,3.8045168033241623
1989-02-28,-0.0035413936038160405,0.0008364520177348519,0.004377845621550892,1988,3.7875021182474438
1989-03-31,0.013068965139265611,0.02932897654210144,0.01626001140283583,1988,3.8500698165349805
1989-04-30,-0.005789338895621228,0.038116702633636104,0.04390604152925733,1988,3.8219911186996356
1989-05-31,-0.004529140613132802,0.034111206746852876,0.03864034735998568,1988,3.8001516428877675
1989-06-30,0.021566886617616018,0.0013541966828523977,-0.02021268993476362,1988,3.903675969117291
1989-07-31,-0.018550880146935567,0.0406730753358941,0.05922395548282967,1989,3.812708463934788
1989-08-31,0.0026084100185566096,0.02322708514985049,0.02061867513129388,1989,3.8252619809085076
1989-09-30,-0.008904312686842067,-0.002990045402356918,0.005914267284485149,1989,3.7822963394345672
1989-10-31,-0.01641142214676132,-0.04960180364651075,-0.03319038149974943,1989,3.7038120553771954
1989-11-30,-0.008452097979507498,-0.005794568715126051,0.002657529264381447,1989,3.664054975007959
1989-12-31,-0.0026734506600610526,-0.00044148940867250967,0.002231961251388543,1989,3.6515858541564628
1990-01-31,0.0027379565089056673,-0.062263740773209966,-0.06500169728211563,1989,3.6643216939225836
1990-02-28,-0.005137214142382399,0.018603262145219394,0.023740476287601793,1989,3.6403600745519435
1990-03-31,-0.02779338226257698,0.01392499474491698,0.04171837700749396,1989,3.5113887731639215
1990-04-30,-0.018474482610966896,-0.04140663743231052,-0.02293215482134362,1989,3.4280431997227936
1990-05-31,-0.03423457326759562,0.05402601620175444,0.08826058946935006,1989,3.276451030369805
1990-06-30,-0.01572943472774317,-0.00486399568680005,0.010865439040943118,1989,3.209184873021213
1990-07-31,0.010399936194309244,-0.022075839574495288,-0.03247577576880453,1990,3.2529601271306854
1990-08-31,0.03399758924709528,-0.09020691808259268,-0.12420450732968796,1990,3.397550518617149
1990-09-30,0.011099746852376219,-0.07044613416897946,-0.08154588102135568,1990,3.446362216144335
1990-10-31,-0.00827920989411287,-0.04733180331154419,-0.03905259341743132,1990,3.409549850091623
1990-11-30,-0.02033069120215268,0.05015274617220483,0.07048343737435751,1990,3.3199006537489115
1990-12-31,-0.015399965333861548,0.01150520526820029,0.026905170602061837,1990,3.2533743334354526
1991-01-31,-0.025012640481143725,0.06846281614944957,0.0934754566305933,1990,3.146986210401507
1991-02-28,-0.008546774220844627,0.1107007478461294,0.11924752206697403,1990,3.1115428555642497
1991-03-31,-0.015983940131470663,0.05397927656576903,0.06996321669723969,1990,3.045824200712935
1991-04-30,0.008480593859381377,0.02646570213907036,0.017985108279688983,1990,3.0801351925856366
1991-05-31,-0.009852237184215525,0.032236622536717434,0.04208885972093296,1990,3.039936732924618
1991-06-30,0.010063878850501563,-0.03355939754547417,-0.043623276395975734,1990,3.0805941667684626
1991-07-31,0.002357232822521066,0.04177356156709583,0.03941632874457476,1991,3.0902130772737566
1991-08-31,-0.0015302137510068495,0.031086921874789092,0.03261713562579594,1991,3.0839541769783647
1991-09-30,-0.007624797103541921,-0.001798922193382132,0.005825874910159789,1991,3.0528148549987426
1991-10-31,-0.00562896777604515,0.025873490217904922,0.03150245799395007,1991,3.0300016907776772
1991-11-30,-0.004136379381438848,-0.029197312664828744,-0.025060933283389895,1991,3.0133320748767805
1991-12-31,-0.021576318733500147,0.05793977609073374,0.07951609482423388,1991,2.9267391428458596
1992-01-31,0.013428507924834993,0.10770609666969315,0.09427758874485816,1991,2.9794693905443252
1992-02-29,0.031292310067256086,0.0556664910039689,0.024374180936712814,1991,3.1039961806163934
1992-03-31,0.028094587648407852,-0.0018240077017416612,-0.029918595350149513,1991,3.2192962610214515
1992-04-30,0.03141506766552074,-0.0018343137358549332,-0.03324938140137568,1991,3.351845738562319
1992-05-31,0.015506633380721386,0.015845721006704734,0.00033908762598334856,1991,3.41932821495966
1992-06-30,0.02605556381069022,-0.020135493991375895,-0.046191057802066116,1991,3.534476303264926
1992-07-31,0.003621499422242151,0.03196043387136359,0.028338934449121438,1992,3.5508979065773705
1992-08-31,-0.014822649292533494,-0.03558088828048604,-0.020758238987952548,1992,3.4834415429420496
1992-09-30,0.005823444638538766,0.01786661429248377,0.012043169653945003,1992,3.5095506165574974
1992-10-31,0.0009324968585143686,0.025346368747054662,0.024413871888540294,1992,3.513755758340748
1992-11-30,-0.005209898047606978,0.06214429101285045,0.06735418906045743,1992,3.4902395510279938
1992-12-31,0.03617386739329371,0.05245218893080665,0.016278321537512942,1992,3.652668881111003
1993-01-31,0.028932599114037123,0.06129971818840923,0.032367119074372105,1992,3.7872826846585435
1993-02-28,0.05071573530915249,0.01683902341905119,-0.0338767118901013,1992,4.030073246143775
1993-03-31,0.016830016806620593,0.03524181016101617,0.018411793354395578,1992,4.114729463414908
1993-04-30,0.020628278638703552,-0.015231481505410264,-0.035859760144113816,1992,4.220237527947817
1993-05-31,-0.025781283342963805,0.0265033503671638,0.052284633710127607,1992,4.085653105122222
1993-06-30,0.014325476794646316,0.022730675845348165,0.00840519905070185,1992,4.158507510665271
1993-07-31,0.036491517898770476,0.025907228887784222,-0.010584289010986252,1993,4.346749279821654
1993-08-31,0.004715642884569625,0.03742533136953494,0.03270968848496531,1993,4.371962640018623
1993-09-30,0.0015863942773847485,0.019445979987244334,0.017859585709859585,1993,4.380484690809073
1993-10-31,-0.027626471566115772,0.014687111777642757,0.04231358334375853,1993,4.231840883486515
1993-11-30,0.001852651089202257,-0.019541940949047383,-0.02139459203824964,1993,4.24153365919784
1993-12-31,0.005437656352103245,0.021845082378354932,0.016407426026251688,1993,4.27003531799454
1994-01-31,0.013097835116143743,0.052547763871693215,0.03944992875554947,1993,4.339061371645887
1994-02-28,0.00436707216400661,-0.006992771526452619,-0.01135984369045923,1993,4.362377437943924
1994-03-31,0.0294198081733911,-0.029230628545518597,-0.058650436718909696,1993,4.520137553521555
1994-04-30,0.03277797920837552,0.013398476510966935,-0.019379502697408582,1993,4.701076507478257
1994-05-31,0.004899317444623584,0.004665505485767903,-0.00023381195885568105,1993,4.72900789106448
1994-06-30,0.026956661161142627,-0.017254459682718,-0.04421112084386063,1993,4.883442815573418
1994-07-31,0.014199731586721248,0.03307047259618758,0.018870741009466334,1994,4.966986124360385
1994-08-31,-0.020416776194197003,0.03593576476999022,0.05635254096418722,1994,4.84515950410544
1994-09-30,-0.0036596364987559037,-0.004678617795522696,-0.001018981296766792,1994,4.823768345043166
1994-10-31,0.00024883537393122906,0.004551366350457096,0.004302530976525867,1994,4.825217504616993
1994-11-30,0.0007532471284098161,-0.038566616197598214,-0.03931986332600803,1994,4.829605332974708
1994-12-31,0.0145400241531492,0.003967667284353843,-0.010572356868795357,1994,4.914367935319488
1995-01-31,-0.006400544788243923,0.02867434802663943,0.03507489281488335,1994,4.876512758455322
1995-02-28,0.004057153627375659,0.04315493734510453,0.03909778371772887,1994,4.900354673509608
1995-03-31,-0.005110140713623184,0.021520318888099046,0.02663045960172223,1994,4.87020303086769
1995-04-30,0.023795954285526083,0.0357667382568167,0.011970783971290614,1994,5.009890113836975
1995-05-31,0.002945452694691472,0.030535278182065844,0.027589825487374372,1994,5.027591960867576
1995-06-30,-0.023876481920291993,0.03490059683538722,0.05877707875567921,1994,4.883674270391023
1995-07-31,-0.0197691532960705,0.045021627288752405,0.0647907805848229,1995,4.767359011795517
1995-08-31,0.013660863466258957,0.03608735192647511,0.02242648846021615,1995,4.846146115816554
1995-09-30,0.0037797966392261115,0.03225035127260214,0.028470554633376027,1995,4.868243359257542
1995-10-31,0.03331181361807786,-0.019972089054453503,-0.053283902672531365,1995,5.063725188306652
1995-11-30,-0.0035542837254422983,0.027778407653075727,0.031332691378518025,1995,5.042172988554299
1995-12-31,0.015360600554838006,0.016566607942492435,0.00120600738765443,1995,5.134984394314713
1996-01-31,-0.008496014243687743,0.020178088925806793,0.028674103169494536,1995,5.082861479515813
1996-02-29,-0.02387036910970028,0.020485188399627825,0.044355557509328104,1995,4.937661330756593
1996-03-31,-0.009325849468563751,0.017291612907061427,0.026617462375625178,1995,4.882287594990645
1996-04-30,-0.029960432974678097,0.032208881781763676,0.062169314756441774,1995,4.7060517117631475
1996-05-31,-0.023796731776383445,0.041799990582096824,0.06559672235848027,1995,4.570266329676146
1996-06-30,0.03946113085968851,-0.007323183992007747,-0.04678431485169626,1995,4.790075338234814
1996-07-31,0.04725895987647347,-0.05077809193575391,-0.09803705181222738,1996,5.063708276326212
1996-08-31,-0.0022994664294262585,0.045553026718810744,0.047852493148237,1996,5.049764982706965
1996-09-30,-0.010426265305749326,0.033369363282947116,0.04379562858869644,1996,4.9866885279598305
1996-10-31,0.05255771726186656,0.01774383313906513,-0.03481388412280143,1996,5.301335210947204
1996-11-30,0.0224212339487061,0.05535213306975219,0.03293089912104609,1996,5.4426189219010706
1996-12-31,0.0196814289864537,0.0032077289085643322,-0.01647370007788937,1996,5.56941886869925
1997-01-31,-0.018775975017585947,0.04855991868997518,0.06733589370756113,1996,5.446071624140495
1997-02-28,0.040219617359837895,0.013574237651710536,-0.026645379708127363,1996,5.705330158337534
1997-03-31,0.038396572452369444,-0.03388737629542845,-0.0722839487477979,1996,5.962791853579199
1997-04-30,0.008501560011688598,-0.0010656414833458677,-0.009567201495034466,1996,6.021986446371299
1997-05-31,-0.042936273880872136,0.07102811079039582,0.11396438467126796,1996,5.720488513122128
1997-06-30,0.01880870004891151,0.050646854204017,0.03183815415510549,1996,5.846892165747597
1997-07-31,0.016915954939024952,0.06955542730619821,0.05263947236717326,1997,5.962713885095747
1997-08-31,-0.006530351312890818,0.01129318525076171,0.01782353656365253,1997,5.917244917334929
1997-09-30,0.00440507908910244,0.07668077454855532,0.07227569545945288,1997,5.947715928274481
1997-10-31,0.045422637623714145,-0.004056132180316538,-0.04947876980403068,1997,6.263299511196999
1997-11-30,0.04101735451078409,0.017259599883193456,-0.023757754627590635,1997,6.561220842165772
1997-12-31,0.05685402626983317,0.021192633355519106,-0.03566139291431406,1997,6.991106690558275
1998-01-31,-0.027995686981510087,-0.0094750315848872,0.018520655396622888,1997,6.767390169013554
1998-02-28,-0.009435767470378317,0.06682815504711655,0.07626392251749486,1997,6.694098881527039
1998-03-31,0.014331224173989292,0.05613125227479558,0.04180002810080629,1997,6.804364737415043
1998-04-30,-0.003684924219782084,0.019177149368847582,0.022862073588629666,1997,6.77560624477413
1998-05-31,0.029245283022029292,-0.026857522382729065,-0.05610280540475836,1997,7.003006050070407
1998-06-30,0.0089074196988117,-0.006996734849286091,-0.01590415454809779,1997,7.074292183810513
1998-07-31,0.020671575535004774,-0.04341236051228761,-0.06408393604729239,1998,7.2412005245798525
1998-08-31,0.07273105649803657,-0.14651859928738215,-0.21924965578541872,1998,7.840591745544719
1998-09-30,-0.04040809163989319,0.04061960216391182,0.081027693803805,1998,7.483360304139865
1998-10-31,-0.04725448982547635,0.023459855981055076,0.07071434580653142,1998,7.082483440962038
1998-11-30,-0.019880208099068118,0.061619702682891374,0.08149991078195949,1998,6.921801988198441
1998-12-31,-0.040965407356828396,0.017879049410154026,0.05884445676698242,1998,6.597282142751759
1999-01-31,-0.055109235114771254,0.01240144015152075,0.06751067526629201,1998,6.178601734913599
1999-02-28,0.026539741652260314,-0.03206139442922327,-0.05860113608148358,1998,6.369119970382674
1999-03-31,-0.014438049277294796,-0.013759826437925848,0.0006782228393689485,1998,6.262724253119992
1999-04-30,0.007028377385200207,0.08305614778253279,0.07602777039733258,1998,6.313769420015566
1999-05-31,0.004159554319302643,0.03466018187425644,0.0305006275549538,1998,6.344191441196976
1999-06-30,-0.022000353689821485,0.02803316338317819,0.050033517072999675,1998,6.182616631924883
1999-07-31,0.008057671055349373,0.00018760831393741656,-0.007870062741411957,1999,6.240491794061615
1999-08-31,0.004022842411934208,-0.02962632406880318,-0.03364916648073739,1999,6.269619151534028
1999-09-30,-0.016755440458871992,-0.026774181245155626,-0.010018740786283634,1999,6.147813480681823
1999-10-31,0.0017351379019018036,0.0074377167368377,0.005702578834935896,1999,6.160215922767878
1999-11-30,-0.07981867423871823,0.04061923306061134,0.12043790729932957,1999,5.588696980549585
1999-12-31,-0.07590647858444817,0.04400706234458045,0.11991354092902862,1999,5.08857219429608
2000-01-31,-0.026388998374999497,0.015630956539278085,0.04201995491427758,1999,4.9279008725547335
2000-02-29,-0.11362636516251705,0.050776395726746956,0.164402760889264,1999,4.254335043362627
2000-03-31,0.0500925024746592,0.06339608679654954,0.013303584321890344,1999,4.5175378345249575
2000-04-30,0.052072611923008556,-0.03284991423305445,-0.08492252615606301,1999,4.804850440952693
2000-05-31,0.034421944230213664,-0.020633049619148563,-0.05505499384936223,1999,5.004664679095898
2000-06-30,-0.06984277393456942,0.013696853304415136,0.08353962723898456,1999,4.585282241360909
2000-07-31,0.026693713369628037,-0.008910691099835015,-0.03560440446946305,2000,4.734374164600272
2000-08-31,0.009666830737771206,0.09079815829833382,0.08113132756056261,2000,4.789807389036511
2000-09-30,0.022108167278149828,-0.019791435501139466,-0.041899602779289294,2000,4.917809419301598
2000-10-31,0.0035434118640148976,-0.044246195693599596,-0.047789607557614494,2000,4.938778655406931
2000-11-30,0.03126846240337988,-0.10323501517547568,-0.13450347757885556,2000,5.124475132515517
2000-12-31,0.06003809309159714,0.04738013662837206,-0.012657956463225081,2000,5.492176940658656
2001-01-31,-0.10057840361739251,0.15806698883309173,0.25864539245048423,2000,4.839204147965561
2001-02-28,0.05122214797976016,-0.049303244153635684,-0.10052539213339584,2000,5.1383007269166825
2001-03-31,0.05832304156767718,-0.034952951446679474,-0.09327599301435666,2000,5.496305095367547
2001-04-30,-0.031016800765258673,0.08550124624294286,0.11651804700820154,2000,5.294810494514197
2001-05-31,-0.008383102805512271,0.04745746510052981,0.05584056790604208,2000,5.242040450997467
2001-06-30,-0.0298750131364336,-0.011622784342231459,0.01825222879420214,2000,5.055559410525768
2001-07-31,0.06676840547207234,0.005314957102191473,-0.06145344836988087,2001,5.459879456607975
2001-08-31,0.06896829287686165,-0.00513726035358897,-0.07410555323045062,2001,5.905406314920535
2001-09-30,0.08481122663453564,-0.08858191300945595,-0.17339313964399158,2001,6.491062294898813
2001-10-31,-0.11627156772209785,0.021098372657514415,0.13736994037961225,2001,5.6200647379670325
2001-11-30,-0.06184486352202967,0.05994252196701558,0.12178738548904525,2001,5.2106477377404605
2001-12-31,-0.019587360010277097,0.04821382099155498,0.06780118100183208,2001,5.088997544604325
2002-01-31,0.03696961011040459,0.032803560435491465,-0.004166049674913127,2001,5.3141054097915585
2002-02-28,0.0815108058564232,0.0027552844173773902,-0.07875552143904581,2001,5.828773230006069
2002-03-31,-0.019660283117099817,0.07076865918161682,0.09042894229871663,2001,5.694517614961678
2002-04-30,0.09859674196952486,0.030563687282325502,-0.06803305468719936,2001,6.354575240854493
2002-05-31,0.05067972265573956,0.004050027996125043,-0.04662969465961452,2001,6.727303074311768
2002-06-30,0.08760328886928201,-0.0316358708829635,-0.11923915975224551,2001,7.404240237711193
2002-07-31,0.023293082462301995,-0.10022868753622081,-0.12352176999852281,2002,7.600000898601197
2002-08-31,-0.0067337556362228055,-0.0011387973894950727,0.0055949582467277326,2002,7.54209059407872
2002-09-30,0.027913834680636643,-0.08770987731397378,-0.11562371199461043,2002,7.780533098748855
2002-10-31,-0.04630227770159023,0.040577619940067464,0.0868798976416577,2002,7.3739744168425805
2002-11-30,-0.07790414678897573,0.09028440747717725,0.16818855426615298,2002,6.721607084665749
2002-12-31,0.04513793160282923,-0.033855885470768156,-0.07899381707359739,2002,7.070144457117314
2003-01-31,-0.0027523252440761065,-0.008727528204739547,-0.00597520296066344,2002,7.047932794804648
2003-02-28,0.00817291490002562,-0.023820674112564,-0.03199358901258962,2002,7.113707864657712
2003-03-31,-0.02227093857262876,-0.0033777879806875027,0.018893150591941257,2002,6.933007975207666
2003-04-30,-0.012754604397747643,0.10317947504587952,0.11593407944362716,2002,6.831825596799715
2003-05-31,-0.061696206987705116,0.10314057776054886,0.16483678474825397,2002,6.348631663687952
2003-06-30,0.009935256303796443,0.03729472463344542,0.02735946832964898,2002,6.4216422027488855
2003-07-31,-0.015383850656227507,0.05217857285795123,0.06756242351417874,2003,6.307468767477841
2003-08-31,-0.0005345358446117582,0.05396930499755769,0.05450384084216945,2003,6.303562663488244
2003-09-30,0.020843500263745825,0.019967671309653122,-0.000875828954092701,2003,6.455794473790946
2003-10-31,0.013995201531270735,0.09092647654826791,0.07693127501699717,2003,6.560139820027385
2003-11-30,0.02030321457685665,0.04842100397647864,0.02811778939962199,2003,6.7136349610244395
2003-12-31,0.018377293053705425,0.045392876690460174,0.02701558363675475,2003,6.855390691212493
2004-01-31,-0.01941031079914453,0.05029313151818847,0.069703442317333,2003,6.702915116447352
2004-02-29,0.02593111558808455,0.027261845640811348,0.0013307300527267965,2003,6.902660298697152
2004-03-31,0.027738723427366236,0.018089555472568263,-0.009649167954797973,2003,7.121870007063141
2004-04-30,-0.00603116860276149,-0.040889559410455724,-0.034858390807694234,2003,7.07288563968083
2004-05-31,0.005647671097288745,0.014007616742714087,0.008359945645425342,2003,7.118478642579774
2004-06-30,0.013728654408208137,0.033870858170973295,0.020142203762765157,2003,7.229934430184169
2004-07-31,0.028018623675731276,-0.05148644048879005,-0.07950506416452133,2004,7.460525865859445
2004-08-31,0.001683992425661222,-0.010454676574105332,-0.012138668999766554,2004,7.474773327334663
2004-09-30,0.00846506678097015,0.04430394088892094,0.03583887410795079,2004,7.546512849504136
2004-10-31,0.00968301139436795,0.024733924372014993,0.015050912977647043,2004,7.629268830807998
2004-11-30,0.018092605655586763,0.09499405801896137,0.0769014523633746,2004,7.785394788859854
2004-12-31,-0.007282935083216972,0.05288144199737257,0.06016437708058954,2004,7.721411328932154
2005-01-31,0.008510374194967384,-0.026455439414451706,-0.03496581360941909,2004,7.795633802849595
2005-02-28,0.018087798113050647,0.02645087197426506,0.008363073861214411,2004,7.954727451351863
2005-03-31,0.003575822416042391,-0.021169469313129276,-0.024745291729171667,2004,7.986747966501957
2005-04-30,0.0006051843026269044,-0.05314698531894514,-0.053752169621572046,2004,7.9921866053029476
2005-05-31,0.008975928329360325,0.06077715367348237,0.05180122534412204,2004,8.07289982779638
2005-06-30,0.02015336822183773,0.03406447557400789,0.013911107352170157,2004,8.25574931886581
2005-07-31,-0.007620889535718392,0.05863950981698102,0.06626039935269941,2005,8.185212275736433
2005-08-31,3.6860734305484144e-05,-0.013043154827390106,-0.01308001556169559,2005,8.185550849405669
2005-09-30,0.012551339882833206,0.01991199611530173,0.0073606562324685255,2005,8.300841820127607
2005-10-31,-0.006929918479911534,-0.034741740183781074,-0.02781182170386954,2005,8.23638774451957
2005-11-30,-0.01234394574403052,0.03606113888165309,0.04840508462568361,2005,8.122374275330392
2005-12-31,0.007292649235623249,0.011987646633746817,0.004694997398123567,2005,8.18890055111645
2006-01-31,-0.00643411576891767,0.06604492864686279,0.07247904441578046,2005,8.129778101181497
2006-02-28,-0.008316259412654136,-0.001960306288231584,0.006355953124422552,2005,8.053852498112104
2006-03-31,-0.0041351741824199595,0.03214880727026607,0.03628398145268603,2005,8.016413241010472
2006-04-30,0.024894381028188695,0.021427573534777502,-0.0034668074934111944,2005,8.240871267739793
2006-05-31,0.03165786193077497,-0.027553686286555988,-0.05921154821733096,2005,8.533417494453966
2006-06-30,0.019547395282552577,0.0021341054799747447,-0.017413289802577833,2005,8.719770974611661
2006-07-31,0.02672398290137304,-0.012238534000757308,-0.038962516902130345,2006,8.979521967942445
2006-08-31,-0.016048506873960703,0.01573517528217332,0.03178368215613402,2006,8.819365541041078
2006-09-30,-0.004298719272769636,0.012046219775508911,0.016344939048278547,2006,8.777154845143436
2006-10-31,-0.004629192747308483,0.04352253303219311,0.048151725779501595,2006,8.731894510844986
2006-11-30,0.005497210819605802,0.03101812883250562,0.025520918012899817,2006,8.785392786645266
2006-12-31,0.007847195498222782,0.01075505279175911,0.0029078572935363283,2006,8.862180676868972
2007-01-31,-0.007646038247639885,0.020490584737483462,0.028136622985123348,2006,8.786774066208498
2007-02-28,0.005379136353106207,0.005525977521339913,0.00014684116823370581,2006,8.839418458367676
2007-03-31,0.00586275857579247,0.0121896210363666,0.00632686246057413,2006,8.897104593315282
2007-04-30,-0.001852271793325387,0.029552926711008308,0.031405198504333695,2006,8.878772465641493
2007-05-31,-0.008884646637116207,0.02453279223908068,0.03341743887619689,2006,8.791003063075795
2007-06-30,-0.009797163352059584,-0.014693938260478583,-0.004896774908418999,2006,8.695079006686326
2007-07-31,-0.01829610874673307,-0.05287540611225078,-0.03457929736551771,2007,8.517696786871824
2007-08-31,-0.016316038456063407,-0.011155596922649006,0.0051604415334143994,2007,8.362405680084072
2007-09-30,-0.013156051177667716,0.01988351522594079,0.03303956640360851,2007,8.2392333918108
2007-10-31,-0.01821456277470071,0.002984315267271468,0.021198878041972177,2007,8.07094479520555
2007-11-30,0.002412843218224492,-0.06756369273462895,-0.06997653595285344,2007,8.09283156283755
2007-12-31,-0.006259160645660489,-0.01157939464525655,-0.00532023399959606,2007,8.035918069361818
2008-01-31,0.019727992823176534,-0.04216542838965897,-0.0618934212128355,2007,8.214178596185
2008-02-29,0.005184180672243369,-0.027006568240994233,-0.0321907489132376,2007,8.261946562773943
2008-03-31,0.0060038070028686635,-0.02007084670162455,-0.026074653704493213,2007,8.317553502407721
2008-04-30,-0.009718991059434641,0.0335437775830499,0.04326276864248454,2007,8.226996283222016
2008-05-31,-0.0318850599091302,0.018149512471596407,0.05003457238072661,2007,7.932792953950161
2008-06-30,-0.02441640332013134,-0.10998023153870232,-0.08556382821857098,2007,7.714686278411287
2008-07-31,-0.024826667258323606,-0.018939600992476775,0.0058870662658468305,2008,7.498329661916491
2008-08-31,-0.011561130059362257,0.01261811553583594,0.0241792455951982,2008,7.40007936740774
2008-09-30,0.006494289364491576,-0.11527374169259982,-0.1217680310570914,2008,7.454631913504381
2008-10-31,0.016388353730597854,-0.20705181650517515,-0.223440170235773,2008,7.593189411964891
2008-11-30,-0.0025304687068747056,-0.12672674731903524,-0.12419627861216054,2008,7.571444615065667
2008-12-31,-0.01812200794428742,0.03563033649752395,0.05375234444181137,2008,7.416112827657427
2009-01-31,-0.008285068213347652,-0.051484153713540974,-0.04319908550019332,2008,7.346384758789055
2009-02-28,-0.028028963794208384,-0.13077625704064685,-0.10274729324643847,2008,7.112444242572424
2009-03-31,-0.0009992728306612575,0.1168413028424932,0.11784057567315445,2008,7.104337697450568
2009-04-30,-0.0140998246205358,0.18935656653957306,0.20345639116010886,2008,6.9900679572509175
2009-05-31,0.019387135339759,0.10300458323385296,0.08361744789409396,2008,7.144972486112012
2009-06-30,-0.026405960810848395,0.012507875883954968,0.03891383669480336,2008,6.929896661838299
2009-07-31,0.0011041209757467751,0.09001449015865678,0.08891036918291001,2009,6.938652227078139
2009-08-31,0.026722284635766827,0.07810942476488936,0.05138714012912253,2009,7.150791151514486
2009-09-30,-0.039371257451145086,0.046456617380801826,0.08582787483194691,2009,6.829884254657694
2009-10-31,0.007778780288558454,-0.05171548800399925,-0.0594942682925577,2009,6.89079120395952
2009-11-30,-0.0018039695684168924,0.03033475182334537,0.032138721391762264,2009,6.876556456756845
2009-12-31,-0.012340507143569678,0.05238192137004986,0.06472242851361953,2009,6.779355755535507
2010-01-31,0.036033342437473866,0.003340801830164288,-0.03269254060730958,2009,7.0596719454176515
2010-02-28,-0.007273611286788238,0.03416744935465895,0.04144106064144719,2009,7.001049024587651
2010-03-31,-0.005279876084675547,0.06666857655173444,0.07194845263640999,2009,6.958804477190414
2010-04-30,0.026933051491829958,0.07400429062067172,0.047071239128841764,2009,7.17315936798799
2010-05-31,0.005390531085275707,-0.07617679598612284,-0.08156732707139855,2009,7.2172170376260425
2010-06-30,-0.00017660079854016353,-0.06471003285669899,-0.06453343205815883,2009,7.215765870535419
2010-07-31,0.007537984402973701,0.06573619403989928,0.058198209636925576,2010,7.277696185525999
2010-08-31,-0.0060547683450654505,-0.05854497812223168,-0.05249020977716623,2010,7.227576652691807
2010-09-30,-0.017507296190858473,0.10053423011932697,0.11804152631018544,2010,7.08353403130014
2010-10-31,0.0006955986515166102,0.04647040757872517,0.04577480892720856,2010,7.0891569266718015
2010-11-30,-0.001311201097388798,0.015191391443364266,0.016502592540753064,2010,7.078550415232598
2010-12-31,0.005915372699136792,0.08886554595538737,0.08295017325625058,2010,7.1263380518074655
2011-01-31,0.026767106357792267,0.03512113079271914,0.008354024434926876,2010,7.343856606739571
2011-02-28,0.010081037182869582,0.050018745712292464,0.03993770852942288,2010,7.427971335440645
2011-03-31,-0.025912679536090957,0.0003966167017556328,0.02630929623784659,2010,7.209580015086011
2011-04-30,-0.020462933712595867,0.009550464793131784,0.03001339850572765,2010,7.041587923429054
2011-05-31,-0.01962060620971941,-0.029534833850739774,-0.009914227641020363,2010,6.883807093482617
2011-06-30,-0.004596074834790034,-0.024865159026494714,-0.02026908419170468,2010,6.847572526097922
2011-07-31,0.018839872526720168,-0.020887689504442683,-0.03972756203116285,2011,6.995419792133799
2011-08-31,-0.004180389915742322,-0.08783229415128857,-0.08365190423554625,2011,6.9619958198626355
2011-09-30,-0.0031550649470805936,-0.10334518962095163,-0.10019012467387103,2011,6.936875205942584
2011-10-31,-0.005966751669306908,0.12574505631949873,0.13171180798880563,2011,6.889517842558446
2011-11-30,0.0010544135484418567,-0.013992798220056274,-0.015047211768498131,2011,6.897836657062313
2011-12-31,0.01947564221105014,0.006252475641726424,-0.013223166569323716,2011,7.051652098036575
2012-01-31,-0.012182338756771993,0.08095934036458505,0.09314167912135704,2011,6.953564144626619
2012-02-29,0.008185257183223202,0.05005365387762874,0.041868396694405535,2011,7.018666112673651
2012-03-31,0.00923137299934074,0.030398401246389945,0.021167028247049205,2011,7.092689410516915
2012-04-30,0.009777321329635082,-0.005366882817608983,-0.015144204147244066,2011,7.171814235304474
2012-05-31,0.0071347269374046896,-0.06555115053839,-0.07268587747579469,2011,7.230117898456568
2012-06-30,-0.011384635341436626,0.03151810578121581,0.04290274112265244,2011,7.136421007365609
2012-07-31,0.015037372256803612,-0.001541515910138258,-0.01657888816694187,2012,7.258771398891442
2012-08-31,-0.0049807671886892,0.02975921776526519,0.03473998495395439,2012,7.217636381288958
2012-09-30,-0.005848416401703891,0.03098129822745461,0.0368297146291585,2012,7.16957622189339
2012-10-31,0.03672146785265185,0.00416935873062179,-0.03255210912203006,2012,7.469575052495438
2012-11-30,-0.010694791889830017,-0.0009632935962726212,0.009731498293557395,2012,7.378994709913703
2012-12-31,0.008479011681468612,0.026632019734393254,0.018153008052924642,2012,7.4500403039380245
2013-01-31,0.01227686461572676,0.08290933178746726,0.0706324671717405,2012,7.5537803047469065
2013-02-28,0.011214404663131915,0.01620632904582597,0.004991924382694056,2012,7.649705858483866
2013-03-31,0.002731248336686906,0.04328750768712768,0.04055625935044077,2012,7.6733303532226795
2013-04-30,0.007377806977494298,0.004082632604916197,-0.003295174372578101,2012,7.737320510420799
2013-05-31,-0.011198631247309854,0.03745369872300522,0.04865232997031507,2012,7.639474479935041
2013-06-30,0.018999865589244956,-0.0005713835380136011,-0.019571249127258557,2012,7.803623333815519
2013-07-31,-0.013154546325047534,0.06304068957095521,0.07619523589600274,2013,7.687815662842574
2013-08-31,-0.013584049683278417,-0.02659466868617871,-0.013010619002900292,2013,7.569799943239357
2013-09-30,-0.007988441258138287,0.04908804300642268,0.05707648426456097,2013,7.501340599798793
2013-10-31,0.023843937297065722,0.04110683842074324,0.017262901123677517,2013,7.704046032001395
2013-11-30,-0.0038761609311744397,0.0400449460584463,0.04392110698962074,2013,7.670307748829007
2013-12-31,-0.004285182697969927,0.02464977187189771,0.028934954569867638,2013,7.6331538960776495
2014-01-31,-0.014224082122630653,-0.018135039747682605,-0.0039109576250519525,2013,7.510355206082533
2014-02-28,-0.008657145008881442,0.04269743867233175,0.05135458368121319,2013,7.436679826986387
2014-03-31,0.02694524973293607,0.016327858865605286,-0.010617390867330786,2013,7.664008271841359
2014-04-30,0.018369701652255706,-0.020672099145379676,-0.03904180079763538,2013,7.82316351890776
2014-05-31,-0.003059717511590921,0.0012061882300210742,0.004265905741611995,2013,7.796167130981328
2014-06-30,-0.013400926303551247,0.03995653647682257,0.053357462780373816,2013,7.678290343505326
2014-07-31,0.005580022086647603,-0.043404398907016264,-0.04898442099366387,2014,7.726715395296425
2014-08-31,-0.00260294601172327,0.04412862867067885,0.04673157468240212,2014,7.704000226262794
2014-09-30,-0.006328837808086581,-0.04897247122889371,-0.04264363342080713,2014,7.648914020549228
2014-10-31,-0.028394481510368462,0.00926457587083785,0.03765905738120631,2014,7.403332591307976
2014-11-30,-0.024193937326817745,-0.013537590205663218,0.01065634712115453,2014,7.2000228892574665
2014-12-31,-0.00597971536938577,0.011046864692129852,0.017026580061515622,2014,7.150989086357258
2015-01-31,-0.014531996869903176,-0.04192215163089352,-0.027390154760990347,2014,7.032538938467701
2015-02-28,-0.022203365434895227,0.05743877024526831,0.07964213568016354,2014,6.854189541046877
2015-03-31,-0.00026390580438164987,-0.00603096793919502,-0.00576706213481337,2014,6.852116774838282
2015-04-30,0.034079659914206265,0.025203336464656705,-0.008876323449549558,2014,7.119714244131405
2015-05-31,-0.015728755314583922,-0.002342679602934362,0.013386075711649561,2014,6.99200124556112
2015-06-30,-0.012763565284026158,-0.011798844073048992,0.0009647212109771671,2014,6.889994815913383
2015-07-31,-0.028692982073140087,-0.03273003511480731,-0.0040370530416672205,2015,6.663607336103212
2015-08-31,0.03550689116900036,-0.028084080896918155,-0.06359097206591852,2015,6.935718207748182
2015-09-30,0.019125880290062652,-0.039859006242841236,-0.05898488653290389,2015,7.087495804205245
2015-10-31,-0.013079922479242584,0.049309183073275295,0.06238910555251788,2015,6.981711986035041
2015-11-30,-0.02085249632897498,0.01031033649271922,0.0311628328216942,2015,6.815273366147309
2015-12-31,-0.0074773775269009884,-0.04439397756999204,-0.03691660004309105,2015,6.756835616712691
2016-01-31,0.028912816414722167,-0.07496323662541324,-0.1038760530401354,2015,6.981107580857883
2016-02-29,0.003576536397743687,0.01666283046413428,0.013086294066390593,2015,7.0096523026151285
2016-03-31,0.027250634144289437,0.09525095680002256,0.06800032265573312,2015,7.22792040713666
2016-04-30,0.038871089654358294,0.06759274902623234,0.02872165937187405,2015,7.5477486389513935
2016-05-31,-0.02064013073783879,-0.006930853600664507,0.013709277137174281,2015,7.371321989529253
2016-06-30,0.011312258539687143,0.003814087254456947,-0.007498171285230195,2015,7.466020548193777
2016-07-31,-0.013034774101988382,0.05198391640079875,0.06501869050278714,2016,7.35566788280528
2016-08-31,0.003025849861613448,0.016161923105539506,0.013136073243926058,2016,7.380950879312154
2016-09-30,-0.004702364332071378,0.018641095124242283,0.02334345945631366,2016,7.341540594828434
2016-10-31,0.043823850742611754,-0.0247074885436741,-0.06853133928628585,2016,7.707099024819632
2016-11-30,0.043825459017283866,0.10904546559910029,0.06522000658181643,2016,8.088691636291298
2016-12-31,0.045687023487277115,0.03660877825947881,-0.009078245227798303,2016,8.503926904547157
2017-01-31,-0.01603140034304487,0.01779673319161304,0.03382813353465791,2016,8.351565647509327
2017-02-28,-0.02114414116206125,0.006854290212880774,0.027998431374942026,2016,8.153834823372108
2017-03-31,-0.025388640862936594,-0.007537639958755609,0.017851000904180986,2016,7.921431398522872
2017-04-30,-0.025699408738872907,-0.009604277080948674,0.01609513165792423,2016,7.692155886476417
2017-05-31,-0.013076544823054577,-0.024790782301105624,-0.011714237478051047,2016,7.578492520417932
2017-06-30,-0.014332021485706663,0.022054203884372882,0.036386225370079545,2016,7.455545381300327
2017-07-31,0.012870644709894921,0.013469852810459723,0.0005992081005648017,2017,7.564373701731437
2017-08-31,-0.013589711907938172,-0.01990409439908005,-0.006314382491141879,2017,7.447986330452986
2017-09-30,0.006599395381779574,0.06067171414999445,0.054072318768214875,2017,7.503737932427514
2017-10-31,0.008800768737050008,0.013699318564717568,0.00489854982766756,2017,7.578577363371288
2017-11-30,0.01610746072487529,0.03958787890591671,0.02348041818104142,2017,7.716756461327094
2017-12-31,0.015263086859827376,0.014985722178699042,-0.00027736468112833407,2017,7.849801072332291
2018-01-31,-0.01780177260060498,0.024108787641408978,0.04191056024201396,2017,7.69225892608204
2018-02-28,-0.00945248034379198,-0.045099754650371124,-0.035647274306579144,2017,7.610095519440099
2018-03-31,0.006534470515556751,0.01254798787048706,0.006013517354930309,2017,7.666357934748008
2018-04-30,0.01359808351215747,0.014913268983307356,0.0013151854711498869,2017,7.78420379369096
2018-05-31,-0.03008857130970048,0.029178906141972962,0.05926747745167344,2017,7.519899651445549
2018-06-30,-0.018211269989449032,-0.0016060379831775665,0.016605232006271467,2017,7.364741458610061
