,year,formation_date,size_median,bm_30,bm_70,total_stocks,nyse_stocks,portfolio_sizes,total_delistings
0,1962,1962-06-01,78329250.0,-0.606920024,0.09457931379999936,465,465,"{'SL': 33, 'SM': 96, 'SH': 109, 'BL': 113, 'BM': 93, 'BH': 35}",0
1,1963,1963-06-01,121320000.0,-0.87418962,-0.14626232,561,561,"{'SL': 48, 'SM': 107, 'SH': 132, 'BL': 126, 'BM': 123, 'BH': 39}",0
2,1964,1964-06-01,173548288.58147672,-0.78930008,-0.1069914,461,401,"{'SL': 56, 'SM': 86, 'SH': 126, 'BL': 91, 'BM': 90, 'BH': 32}",0
3,1965,1965-06-01,179926514.28003162,-0.855810015,-0.23082973,450,386,"{'SL': 48, 'SM': 90, 'SH': 131, 'BL': 90, 'BM': 88, 'BH': 28}",0
4,1966,1966-06-01,190940250.0,-0.9274223460000001,-0.2869067080000001,515,427,"{'SL': 50, 'SM': 117, 'SH': 146, 'BL': 102, 'BM': 94, 'BH': 32}",0
5,1967,1967-06-01,187005000.0,-0.9896796729999999,-0.40773023700000005,670,524,"{'SL': 87, 'SM': 161, 'SH': 178, 'BL': 116, 'BM': 118, 'BH': 48}",0
6,1968,1968-06-01,174291750.0,-0.811441802,-0.17629747400000018,1172,815,"{'SL': 174, 'SM': 279, 'SH': 339, 'BL': 186, 'BM': 179, 'BH': 72}",0
7,1969,1969-06-01,159670629.5860141,-1.01990576,-0.407523958,1335,900,"{'SL': 310, 'SM': 309, 'SH': 286, 'BL': 174, 'BM': 203, 'BH': 113}",0
8,1970,1970-06-01,94400625.0,-1.1601128900000002,-0.5342985090000001,1477,970,"{'SL': 404, 'SM': 361, 'SH': 254, 'BL': 168, 'BM': 216, 'BH': 147}",0
9,1971,1971-06-01,149040000.0,-0.8630116320000001,-0.2124385180000002,1648,1033,"{'SL': 374, 'SM': 402, 'SH': 389, 'BL': 216, 'BM': 243, 'BH': 117}",0
10,1972,1972-06-01,140847522.9225583,-0.7134217640000001,-0.07557717380000016,1805,1104,"{'SL': 320, 'SM': 456, 'SH': 519, 'BL': 259, 'BM': 266, 'BH': 96}",0
11,1973,1973-06-01,95763250.0,-0.829326839,-0.14148022000000005,1883,1150,"{'SL': 355, 'SM': 507, 'SH': 493, 'BL': 252, 'BM': 276, 'BH': 130}",0
12,1974,1974-06-01,77769999.99999999,-0.78641415,-0.11007099,2596,1201,"{'SL': 582, 'SM': 743, 'SH': 786, 'BL': 332, 'BM': 315, 'BH': 160}",0
13,1975,1975-06-01,96934750.00000001,-0.339475016,0.30878851599999996,3005,1223,"{'SL': 614, 'SM': 878, 'SH': 1048, 'BL': 386, 'BM': 304, 'BH': 117}",0
14,1976,1976-06-01,115820090.52463192,0.09308050630000002,0.698883863,3056,1222,"{'SL': 622, 'SM': 926, 'SH': 1071, 'BL': 361, 'BM': 318, 'BH': 122}",0
15,1977,1977-06-01,138950000.0,-0.217537055,0.39113913399999994,3026,1230,"{'SL': 600, 'SM': 822, 'SH': 1178, 'BL': 317, 'BM': 339, 'BH': 131}",0
16,1978,1978-06-01,153458322.7718049,-0.363043498,0.17186439799999995,2986,1250,"{'SL': 543, 'SM': 743, 'SH': 1266, 'BL': 324, 'BM': 357, 'BH': 120}",0
17,1979,1979-06-01,163065000.0,-0.3180250480000001,0.1884427759999999,2912,1239,"{'SL': 599, 'SM': 753, 'SH': 1115, 'BL': 297, 'BM': 340, 'BH': 170}",0
18,1980,1980-06-01,182886447.7952398,-0.32217889200000005,0.22110738299999985,2841,1194,"{'SL': 690, 'SM': 762, 'SH': 988, 'BL': 298, 'BM': 314, 'BH': 166}",0
19,1981,1981-06-01,236404375.0,-0.400192508,0.2125591459999998,3075,1199,"{'SL': 812, 'SM': 851, 'SH': 1035, 'BL': 329, 'BM': 306, 'BH': 160}",0
20,1982,1982-06-01,189430294.15435565,-0.57310855,0.18882559,3171,1201,"{'SL': 991, 'SM': 866, 'SH': 949, 'BL': 290, 'BM': 301, 'BH': 195}",0
21,1983,1983-06-01,332839249.0768218,-0.432168864,0.21815400799999995,3398,1188,"{'SL': 1225, 'SM': 907, 'SH': 916, 'BL': 310, 'BM': 299, 'BH': 183}",0
22,1984,1984-06-01,297478500.0,-0.5069170740000001,0.10516102199999992,3415,1169,"{'SL': 1188, 'SM': 880, 'SH': 1006, 'BL': 283, 'BM': 308, 'BH': 188}",0
23,1985,1985-06-01,345247750.0,-0.7255978000000001,-0.098744504,3616,1136,"{'SL': 1445, 'SM': 1017, 'SH': 795, 'BL': 272, 'BM': 297, 'BH': 243}",0
24,1986,1986-06-01,435700000.0,-0.5710310620000001,-0.03898620740000017,3619,1089,"{'SL': 1328, 'SM': 1020, 'SH': 894, 'BL': 287, 'BM': 306, 'BH': 216}",0
25,1987,1987-06-01,495396250.0,-0.75287533,-0.19751886,3560,1041,"{'SL': 1266, 'SM': 994, 'SH': 973, 'BL': 290, 'BM': 286, 'BH': 180}",0
26,1988,1988-06-01,467538500.0,-0.876929462,-0.319807218,3626,1015,"{'SL': 1209, 'SM': 1020, 'SH': 1129, 'BL': 258, 'BM': 296, 'BH': 183}",0
27,1989,1989-06-01,521064750.0,-0.8653717040000001,-0.24428822200000025,3696,999,"{'SL': 1102, 'SM': 1060, 'SH': 1308, 'BL': 254, 'BM': 266, 'BH': 202}",0
28,1990,1990-06-01,514065120.9774723,-0.8822070920000001,-0.299006102,3568,978,"{'SL': 967, 'SM': 1020, 'SH': 1396, 'BL': 258, 'BM': 258, 'BH': 203}",0
29,1991,1991-06-01,518923500.0,-0.9954499840000002,-0.36524506400000006,3560,1008,"{'SL': 925, 'SM': 948, 'SH': 1471, 'BL': 280, 'BM': 277, 'BH': 179}",0
30,1992,1992-06-01,533947875.0,-0.82381737,-0.19407633,3513,1051,"{'SL': 889, 'SM': 884, 'SH': 1476, 'BL': 303, 'BM': 279, 'BH': 203}",0
31,1993,1993-06-01,624240875.0,-0.993056176,-0.35370088000000005,3604,1093,"{'SL': 1055, 'SM': 843, 'SH': 1408, 'BL': 319, 'BM': 328, 'BH': 186}",0
32,1994,1994-06-01,634018000.0,-1.10642182,-0.437979002,3869,1155,"{'SL': 1075, 'SM': 1055, 'SH': 1432, 'BL': 341, 'BM': 356, 'BH': 171}",0
33,1995,1995-06-01,653817000.0,-1.20224993,-0.525055712,4156,1202,"{'SL': 1100, 'SM': 1276, 'SH': 1843, 'BL': 397, 'BM': 335, 'BH': 242}",0
34,1996,1996-06-01,749653000.0,-1.1429616300000003,-0.41884944900000004,4319,1238,"{'SL': 1065, 'SM': 1426, 'SH': 1886, 'BL': 403, 'BM': 375, 'BH': 231}",0
35,1997,1997-06-01,852931499.9999999,-1.2420482600000002,-0.507730436,4442,1273,"{'SL': 1229, 'SM': 1347, 'SH': 1864, 'BL': 420, 'BM': 422, 'BH': 209}",0
36,1998,1998-06-01,912562500.0,-1.32347652,-0.5831059740000001,4612,1263,"{'SL': 1135, 'SM': 1518, 'SH': 1887, 'BL': 424, 'BM': 447, 'BH': 206}",0
37,1999,1999-06-01,789521875.0,-1.44480374,-0.7003856160000002,4332,1247,"{'SL': 943, 'SM': 1475, 'SH': 1742, 'BL': 470, 'BM': 462, 'BH': 178}",0
38,2000,2000-06-01,789124000.0,-1.32137895,-0.527796925,3993,1126,"{'SL': 796, 'SM': 1202, 'SH': 1824, 'BL': 529, 'BM': 432, 'BH': 157}",0
39,2001,2001-06-01,1016235000.0000001,-1.3026298,-0.38004492000000006,3812,1069,"{'SL': 1079, 'SM': 1223, 'SH': 1505, 'BL': 527, 'BM': 364, 'BH': 115}",0
40,2002,2002-06-01,1069791626.4190674,-1.41976737,-0.436252403,3666,1010,"{'SL': 690, 'SM': 1205, 'SH': 1838, 'BL': 406, 'BM': 377, 'BH': 97}",0
41,2003,2003-06-01,1019627381.3896179,-1.4739191600000001,-0.51834043,3305,979,"{'SL': 589, 'SM': 1112, 'SH': 1621, 'BL': 358, 'BM': 417, 'BH': 121}",0
42,2004,2004-06-01,1414873920.879364,-1.28898788,-0.4179835240000001,3163,983,"{'SL': 488, 'SM': 1145, 'SH': 1536, 'BL': 360, 'BM': 378, 'BH': 148}",0
43,2005,2005-06-01,1688811287.0321274,-1.51315615,-0.6677440200000003,3101,984,"{'SL': 684, 'SM': 1226, 'SH': 1193, 'BL': 354, 'BM': 330, 'BH': 164}",0
44,2006,2006-06-01,1939995124.786377,-1.56057404,-0.7804759960000001,3017,943,"{'SL': 702, 'SM': 1197, 'SH': 1172, 'BL': 308, 'BM': 326, 'BH': 169}",0
45,2007,2007-06-01,2370660105.3771973,-1.607619,-0.82430565,2887,901,"{'SL': 646, 'SM': 1060, 'SH': 1281, 'BL': 297, 'BM': 292, 'BH': 163}",0
46,2008,2008-06-01,1895885511.2609863,-1.63686498,-0.8408628440000001,2775,867,"{'SL': 614, 'SM': 1042, 'SH': 1231, 'BL': 274, 'BM': 287, 'BH': 154}",0
47,2009,2009-06-01,1304597539.0497282,-1.6084725000000002,-0.749960186,2678,832,"{'SL': 540, 'SM': 904, 'SH': 1322, 'BL': 314, 'BM': 258, 'BH': 141}",0
48,2010,2010-06-01,1595908765.296936,-1.1548933200000002,-0.210272636,2562,827,"{'SL': 459, 'SM': 951, 'SH': 1197, 'BL': 316, 'BM': 270, 'BH': 130}",0
49,2011,2011-06-01,2212658402.484894,-1.33375428,-0.487241722,2479,840,"{'SL': 527, 'SM': 740, 'SH': 1225, 'BL': 302, 'BM': 253, 'BH': 148}",0
50,2012,2012-06-01,1887189860.5957031,-1.47633092,-0.588785396,2448,845,"{'SL': 491, 'SM': 735, 'SH': 1175, 'BL': 302, 'BM': 266, 'BH': 165}",0
51,2013,2013-06-01,2263251085.647583,-1.3498856,-0.48536301,2355,811,"{'SL': 472, 'SM': 659, 'SH': 1148, 'BL': 306, 'BM': 239, 'BH': 169}",0
52,2014,2014-06-01,2792449591.041565,-1.437838,-0.56556582,2308,831,"{'SL': 446, 'SM': 609, 'SH': 1147, 'BL': 299, 'BM': 248, 'BH': 177}",0
53,2015,2015-06-01,2455515767.948151,-1.61210258,-0.6457210800000001,2289,819,"{'SL': 453, 'SM': 708, 'SH': 964, 'BL': 308, 'BM': 292, 'BH': 171}",0
54,2016,2016-06-01,2044485912.952423,-1.69328265,-0.58692765,2252,776,"{'SL': 441, 'SM': 754, 'SH': 894, 'BL': 295, 'BM': 295, 'BH': 163}",0
55,2017,2017-06-01,2247029075.164795,-1.59420516,-0.4530733699999999,2173,734,"{'SL': 367, 'SM': 780, 'SH': 831, 'BL': 303, 'BM': 290, 'BH': 154}",0
