date,hml_return,value_return,growth_return,formation_year,cumulative_hml
1962-07-31,0.0225658396330283,0.06641943098822581,0.04385359135519751,1962,0.022565839633028384
1962-08-31,0.005997387826042979,0.021350165761891783,0.015352777935848804,1962,0.028698563550971112
1962-09-30,-0.017567698692342287,-0.0781210647749427,-0.06055336608260041,1962,0.010626697141262298
1962-10-31,-0.013362081448201578,-0.025207849418497956,-0.011845767970296378,1962,-0.002877379099666233
1962-11-30,0.015314452293259923,0.14578353206197608,0.13046907976871616,1962,0.012393007708642267
1962-12-31,-0.003943033112294145,-0.01591002775551422,-0.011966994643220076,1962,0.00840110855659204
1963-01-31,0.002949831087823415,0.07919692336561725,0.07624709227779383,1962,0.011375721495607838
1963-02-28,-0.003494630198875852,-0.02374483635891589,-0.020250206160040037,1962,0.007841337356859324
1963-03-31,-0.013609450898715004,0.016214232850911375,0.02982368374962638,1962,-0.005874829837594131
1963-04-30,-0.006306336533644728,0.042593445349232095,0.048899781882876824,1962,-0.012144117717205138
1963-05-31,-0.0027331500500696465,0.0233428223520232,0.026075972402092848,1962,-0.014844076071327983
1963-06-30,0.00608548402833322,-0.01611348765907257,-0.02219897168740579,1962,-0.008848925430842147
1963-07-31,0.007591975455873813,-0.0015746802800896368,-0.00916665573596345,1963,-0.0013241307996502139
1963-08-31,-0.0018214120250322485,0.05612293033849408,0.05794434236352633,1963,-0.0031431310369213206
1963-09-30,-0.009001623868797572,-0.02479963381965789,-0.01579800995086032,1963,-0.012116461622354135
1963-10-31,0.0014063358039147558,0.026832199623290684,0.025425863819375928,1963,-0.010727165632235747
1963-11-30,-0.015768865444727897,-0.018688155868268108,-0.002919290423540212,1963,-0.026326875845505637
1963-12-31,0.0024858803005298902,0.010296724827420877,0.0078108445268909865,1963,-0.023906441007014556
1964-01-31,-0.0048228903778962,0.021026196819805387,0.025849087197701587,1963,-0.028614033240608294
1964-02-29,-0.01641946313744664,0.014860907543735024,0.03128037068118166,1963,-0.044563669314047094
1964-03-31,-0.03402954935403411,0.019386257704670527,0.053415807058704634,1963,-0.07707673708376195
1964-04-30,-0.008255877729098316,-0.007000488177464009,0.001255389551634307,1963,-0.08469627869573881
1964-05-31,-0.01540010683431851,0.007915496864020818,0.023315603698339328,1963,-0.0987920537896737
1964-06-30,-0.0025902896914005748,0.011487709363365392,0.014077999054765967,1963,-0.10112644344255062
1964-07-31,0.006341087729706329,0.027340235355433194,0.020999147625726865,1964,-0.09542660736250674
1964-08-31,0.0010315263188521752,-0.004568661743296414,-0.005600188062148589,1964,-0.0944935161006677
1964-09-30,-0.004587294161672032,0.02786895110525851,0.03245624526693054,1964,-0.09864734070761527
1964-10-31,0.004040339332369178,0.02667718554123815,0.022636846208868973,1964,-0.09500557010594068
1964-11-30,0.021601555716917378,0.013663797255884555,-0.007937758461032823,1964,-0.0754562825050843
1964-12-31,0.014177469106642774,0.003324119261628567,-0.010853349845014208,1964,-0.06234859251255953
1965-01-31,0.006578414108232095,0.06824321835068912,0.06166480424245703,1964,-0.05618033326494043
1965-02-28,-0.007405472758521124,0.029620769637187308,0.03702624239570843,1964,-0.06316976409590336
1965-03-31,-0.0035014701070695937,-0.003719390644205936,-0.00021792053713634227,1964,-0.0664500471623205
1965-04-30,-0.02024046161500222,0.029957524373810957,0.05019798598881318,1964,-0.08534552914841875
1965-05-31,-0.0006244627180621303,-0.0039614535478429275,-0.003336990829780797,1964,-0.08591669676537439
1965-06-30,0.007335921012228727,-0.07163820102261675,-0.07897412203484548,1964,-0.07921105385424798
1965-07-31,-0.013186848510205264,0.02246092466149552,0.035647773171700786,1965,-0.09135335819694357
1965-08-31,0.0023178426545817435,0.045798227102167535,0.04348038444758579,1965,-0.08924725825262991
1965-09-30,-0.012121971479244195,0.02398106553706067,0.036103037016304865,1965,-0.10028737701273505
1965-10-31,-0.010628545618946258,0.035551542331469926,0.046180087950416185,1965,-0.10985001367009695
1965-11-30,-0.007931008716334995,0.021091975086888738,0.029022983803223733,1965,-0.11690980097052495
1965-12-31,-0.02080540748121796,0.017376382138095454,0.038181789619313414,1965,-0.13528285240400306
1966-01-31,-0.005214797488349583,0.03282933427229975,0.03804413176064933,1965,-0.13979217721341952
1966-02-28,-0.028752800507779258,-0.011194039192457945,0.017558761315321313,1965,-0.16452556113723327
1966-03-31,0.027562743984695392,0.0011973227883342137,-0.026365421196361177,1965,-0.14149759307310172
1966-04-30,-0.014162260371603945,0.028600304136904696,0.04276256450850864,1965,-0.1536559276896492
1966-05-31,0.016839988272130943,-0.05775641378890224,-0.07459640206103318,1965,-0.13940350343775543
1966-06-30,-0.013015711875350338,-0.00352089067834691,0.009494821197003428,1965,-0.15060477947794548
1966-07-31,0.008329650941488905,-0.009951295105340149,-0.018280946046829054,1966,-0.1435296137796277
1966-08-31,-0.0011619023152351637,-0.08690297945306477,-0.08574107713782961,1966,-0.14452474870430754
1966-09-30,0.0069283843655011355,-0.011858711680422202,-0.018787096045923338,1966,-0.13859768734815736
1966-10-31,0.01916726438441114,0.028736233037079298,0.009568968652668156,1966,-0.12208696148021625
1966-11-30,0.012219534016568525,0.04225825669078088,0.030038722674212353,1966,-0.11135927324243478
1966-12-31,-0.00702110725431861,0.01768299351584038,0.02470410077015899,1966,-0.1175985150955553
1967-01-31,-0.04214364242919322,0.10192661191310587,0.1440702543422991,1966,-0.1547861277543574
1967-02-28,0.012445126615112042,0.028040272318698045,0.015595145703586003,1966,-0.14426733409741133
1967-03-31,0.0016162440523806165,0.054213076695135476,0.05259683264275486,1966,-0.14288426126571852
1967-04-30,0.00649395187468188,0.04731077520071368,0.0408168233260318,1966,-0.1373181929073457
1967-05-31,-0.009824796117409305,-0.02718788184145247,-0.017363085724043166,1966,-0.14579386577622921
1967-06-30,-0.04243074781170755,0.02967758298071138,0.07210833079241893,1966,-0.18203847083669167
1967-07-31,-0.010953407412687133,0.07314917865539047,0.0841025860680776,1967,-0.19099793671352194
1967-08-31,-0.027662039765547743,-0.012255088365596198,0.015406951399951546,1967,-0.21337658395856263
1967-09-30,0.004949972846891117,0.04261716720847793,0.03766719436158681,1967,-0.20948281940842872
1967-10-31,0.007257598720604351,-0.026634726486618278,-0.03389232520722263,1967,-0.2037455629299516
1967-11-30,0.020495274344954732,0.008923462776780662,-0.011571811568174072,1967,-0.18742610979381347
1967-12-31,0.005363308620177573,0.06676898805865124,0.061405679438473665,1967,-0.1830680252439394
1968-01-31,-0.0425613932378548,-0.020198174655466045,0.022363218582388756,1967,-0.21783778827010936
1968-02-29,-0.0020451833414143056,-0.04710738646861662,-0.04506220312720231,1967,-0.2194374533958231
1968-03-31,0.001964265695300133,-0.005022394839245559,-0.006986660534545692,1967,-0.21790422116249242
1968-04-30,0.02118561703987218,0.135398643891443,0.11421302685157081,1967,-0.20133503950354048
1968-05-31,0.006714623595592301,0.07064475847482038,0.06393013487922808,1967,-0.1959723049148181
1968-06-30,-0.008755041477982825,0.009821457479660265,0.01857649895764309,1967,-0.2030116007347358
1968-07-31,-0.025226386785217655,-0.04267949328532396,-0.017453106500106303,1968,-0.22311673835793278
1968-08-31,-0.025324273569828176,0.018693068565404636,0.04401734213523281,1968,-0.24279074260757683
1968-09-30,0.0001102384543160001,0.06628673122170921,0.06617649276739321,1968,-0.24270726902944817
1968-10-31,-0.012777439070786874,-0.0007441896500010794,0.012033249420785794,1968,-0.2523835307581742
1968-11-30,0.002280469169946245,0.07340949493076362,0.07112902576081738,1968,-0.2506786144491241
1968-12-31,-0.007969682785490324,-0.011443248427876187,-0.003473565642385863,1968,-0.25665046819634874
1969-01-31,-0.0021478970414613207,-0.007013881636878798,-0.004865984595417478,1968,-0.2582471064564815
1969-02-28,-0.011983676472948596,-0.08415520092009465,-0.07217152444714606,1968,-0.26713603315558054
1969-03-31,-0.011278166563832757,0.01785475002990431,0.029132916593737068,1968,-0.2754013950422831
1969-04-30,0.004017439185941444,0.013197761991354523,0.00918032280541308,1968,-0.2724903642126474
1969-05-31,-0.004185119507334612,0.00035784469102633377,0.004542964198360946,1968,-0.2755350789811549
1969-06-30,0.004378400036501737,-0.099100961079945,-0.10347936111644673,1968,-0.27236308174452184
1969-07-31,-0.01567334752378427,-0.09307237022312459,-0.07739902269934032,1969,-0.2837675880354753
1969-08-31,0.025448622507449302,0.06204612689720682,0.03659750438975752,1969,-0.2655404597557902
1969-09-30,0.021435841287023076,-0.01213322354035568,-0.03356906482737876,1969,-0.2497967016193754
1969-10-31,0.028152364873107433,0.10237455117174701,0.07422218629863958,1969,-0.2286767046343553
1969-11-30,0.004555393874647186,-0.04858730918636497,-0.05314270306101215,1969,-0.22516302321927395
1969-12-31,-4.38595993534352e-05,-0.053486258634033765,-0.05344239903468033,1969,-0.22519700725863978
1970-01-31,-0.027517569868811945,-0.06798945611953891,-0.040471886250726966,1969,-0.24651770274596474
1970-02-28,-0.01254521107246881,0.04350129152110477,0.05604650259357358,1969,-0.25597029720438536
1970-03-31,-0.03736928963584317,-0.03489406228152246,0.0024752273543207064,1969,-0.283774158665825
1970-04-30,-0.07210724757636575,-0.1764189004049243,-0.10431165282855856,1969,-0.3354192327274992
1970-05-31,-0.01983354773724591,-0.09858803265113442,-0.0787544849138885,1969,-0.3486002271004538
1970-06-30,-0.027625804225465345,-0.08191823620782687,-0.05429243198236153,1969,-0.3665956696990893
1970-07-31,-0.0058911962561722375,0.063655162036704,0.06954635829287624,1970,-0.3703271789184014
1970-08-31,0.02125499586254681,0.07147786555710064,0.050222869694553834,1970,-0.3569434857115539
1970-09-30,0.07381451554441158,0.13819299507942945,0.06437847953501787,1970,-0.30947658064167416
1970-10-31,-0.015495384882707103,-0.058973916030828855,-0.04347853114812175,1970,-0.3201765067951544
1970-11-30,-0.01733329321219549,0.015464479113363414,0.0327977723255589,1970,-0.331960086735413
1970-12-31,-0.02502452259858616,0.06540961492889509,0.09043413752748125,1970,-0.3486774666416602
1971-01-31,0.011346973505319269,0.11595611015736777,0.1046091366520485,1970,-0.34128692711222564
1971-02-28,0.022902167498756454,0.04506021893646513,0.022158051437708673,1970,-0.32620096998332926
1971-03-31,0.03280608756197207,0.06851880894234129,0.03571272138036922,1970,-0.30409626000543055
1971-04-30,0.00840850773571718,0.03667923103866892,0.02827072330295174,1970,-0.2982447480243716
1971-05-31,-0.0026339863156600515,-0.04679468395524203,-0.044160697639581976,1970,-0.300093161755018
1971-06-30,0.008679575742592458,-0.007300923031202979,-0.015980498773795437,1970,-0.29401826733971237
1971-07-31,-0.018772639672610225,-0.06361822085736804,-0.044845581184757816,1971,-0.30727140802238895
1971-08-31,-0.001438127602591259,0.04454672639577847,0.045984853998369726,1971,-0.3082676401316161
1971-09-30,0.0053369309290992395,-0.003286200583029689,-0.008623131512128929,1971,-0.3045759123055758
1971-10-31,-0.014597295640775297,-0.06311487929888746,-0.04851758365811216,1971,-0.31472722330936775
1971-11-30,0.00035934456804701323,-0.023733326219253514,-0.024092670787300527,1971,-0.31448097425943355
1971-12-31,0.03125028769572208,0.13714308007327503,0.10589279237755295,1971,-0.29305830748414974
1972-01-31,0.0162267040783296,0.09137838611789123,0.07515168203956163,1971,-0.2815869738390616
1972-02-29,0.029953023383841357,0.05133288922538816,0.021379865841546802,1971,-0.2600683316672068
1972-03-31,-0.002336729176453175,-0.0007622303098701918,0.001574498866582983,1971,-0.2617973515851817
1972-04-30,-0.00618109571955215,0.003464995596720698,0.009646091316272847,1971,-0.2663602528154606
1972-05-31,0.00825819813803492,-0.004307000465566781,-0.012565198603601701,1971,-0.2603017104212728
1972-06-30,0.005487370246038129,-0.031072390851787018,-0.03655976109782515,1971,-0.25624271203599325
1972-07-31,-0.011777143403231403,-0.03370714460464808,-0.02193000120141668,1972,-0.2650020482735439
1972-08-31,-0.02518004323208211,0.007459225660364679,0.03263926889244679,1972,-0.28350932847350785
1972-09-30,-0.0003473125376909289,-0.029455710728729115,-0.029108398191038186,1972,-0.2837581746668676
1972-10-31,-0.00942423946193565,-0.013651150704641252,-0.004226911242705602,1972,-0.2905082091414609
1972-11-30,-0.02078759188841356,0.043580636469084444,0.064368228357498,1972,-0.3052568349380078
1972-12-31,0.02011216317885386,-0.002778757647282095,-0.022890920826135957,1972,-0.29128404703488764
1973-01-31,-0.017898946056831767,-0.057081661571546344,-0.039182715514714576,1972,-0.3039693156466263
1973-02-28,-0.015133430887563679,-0.07735152781844647,-0.06221809693088279,1972,-0.3145026479039118
1973-03-31,-0.02102046429750362,-0.03279337458700841,-0.011772910289504787,1972,-0.3289121205196809
1973-04-30,-0.03945415117031174,-0.08979336712631028,-0.050339215955998544,1972,-0.3553893231652613
1973-05-31,-0.01122985304051917,-0.07382191069407032,-0.06259205765355115,1972,-0.362628206334465
1973-06-30,-0.004323409797532419,-0.033618783365332056,-0.029295373567799637,1972,-0.36538382579186945
1973-07-31,0.08098192620616954,0.15596377728948757,0.07498185108331804,1973,-0.31399138560290496
1973-08-31,-0.018371253950670317,-0.05047357571467685,-0.032102321764006535,1973,-0.32659422407034144
1973-09-30,0.010135090613981074,0.09265401486491642,0.08251892425093535,1973,-0.3197691955113162
1973-10-31,-0.027584446531898277,-0.015559330566499475,0.012025115965398802,1973,-0.33853298576708446
1973-11-30,-0.04687267679367374,-0.19861951667042899,-0.15174683987675525,1973,-0.3695377153349003
1973-12-31,-0.036931587356773085,-0.035195349760269015,0.0017362375965040665,1973,-0.39282168827616015
1974-01-31,-0.008463243188421232,0.1058447628984637,0.11430800608688493,1973,-0.3979603859870141
1974-02-28,-0.02039708416443315,-0.007694711204925608,0.012702372959507543,1973,-0.4102402386643599
1974-03-31,0.0014297151505956473,-0.0030270030386548795,-0.004456718189250527,1973,-0.4093970501983666
1974-04-30,-0.009586801964222895,-0.06169245595290608,-0.052105653988683186,1973,-0.4150590437176007
1974-05-31,0.006318001821485245,-0.06707016903199967,-0.07338817085348491,1973,-0.41136338569034725
1974-06-30,-0.0016440728500784485,-0.028644110412354717,-0.027000037562276268,1973,-0.41233114716649577
1974-07-31,-0.052775410863424674,-0.07450876567616625,-0.021733354812741582,1974,-0.44334561232642133
1974-08-31,-0.03616958463091409,-0.10318312432102021,-0.06701353969010612,1974,-0.4634795703115505
1974-09-30,-0.04443018210291286,-0.1139858733760504,-0.06955569127313754,1974,-0.48731727070454134
1974-10-31,0.04990155314148775,0.15073756713463934,0.10083601399315159,1974,-0.46173360624388105
1974-11-30,-0.014797097617444195,-0.0521062054996627,-0.03730910788221851,1974,-0.46969838661648
1974-12-31,-0.007071904816817451,-0.06411334012328754,-0.05704143530647009,1974,-0.473448629150533
1975-01-31,0.015648819111559797,0.2804763778781564,0.2648275587665966,1974,-0.46520872199516583
1975-02-28,0.049437665399996195,0.08270651460202776,0.03326884920203156,1974,-0.4387698897343265
1975-03-31,0.0330450295351227,0.09436217526885077,0.06131714573372807,1974,-0.42022402416459714
1975-04-30,0.029221077046892342,0.05465704630661797,0.025435969259725626,1974,-0.4032823457047736
1975-05-31,0.010932252809543588,0.07379229879930477,0.06286004598976118,1974,-0.39675887745210026
1975-06-30,-0.010546752973087908,0.07225710675086228,0.08280385972395019,1974,-0.4031211125548212
1975-07-31,-0.010249161810222385,-0.03826110788114889,-0.028011946070926507,1975,-0.4092386208533524
1975-08-31,-0.016726051476431116,-0.0524874939534569,-0.035761442477025784,1975,-0.4191197260912467
1975-09-30,-0.015355602138834724,-0.04411306226612849,-0.028757460127293764,1975,-0.4280394924676868
1975-10-31,-0.005973415077265419,0.0336866508447705,0.03966006592203592,1975,-0.4314560499869807
1975-11-30,-0.009982538069119876,0.024822739791530955,0.03480527786065083,1975,-0.43713156161195343
1975-12-31,-0.006250254118180338,-0.007016571453007946,-0.0007663173348276082,1975,-0.44064963238698207
1976-01-31,0.0005640898197069033,0.18000369252319037,0.17943960270348347,1975,-0.44033410853896215
1976-02-29,0.005362333147637566,0.07566471423749556,0.070302381089858,1975,-0.4373329935775785
1976-03-31,0.001188644293442974,0.0192800488199498,0.018091404526506826,1975,-0.4366641826512858
1976-04-30,-0.005288605592141688,-0.014113402100830938,-0.00882479650868925,1975,-0.43964344360516994
1976-05-31,-0.004631194491907232,-0.023033726955401762,-0.01840253246349453,1975,-0.4422385638026497
1976-06-30,-0.0010812344321595446,0.03942104436999147,0.040502278802151015,1975,-0.442841634672397
1976-07-31,-0.0039895122868281,-0.006080933053745252,-0.0020914207669171523,1976,-0.4450644248165805
1976-08-31,-0.012261660504302241,-0.0236822001418827,-0.01142053963758046,1976,-0.4518688564412393
1976-09-30,-0.010462678919722915,0.017126948455832996,0.02758962737555591,1976,-0.4576037766021952
1976-10-31,-0.014637868343617782,-0.034315702243065356,-0.019677833899447574,1976,-0.4655433011103678
1976-11-30,-0.009884263617840484,0.02018237327465862,0.030066636892499103,1976,-0.4708260120145137
1976-12-31,0.0013021692985020483,0.0892600037893817,0.08795783449087965,1976,-0.47013693789379307
1977-01-31,-0.008492801717787844,0.001861898740625121,0.010354700458412965,1976,-0.47463695981784104
1977-02-28,0.003915481930559704,-0.008594909914176902,-0.012510391844736606,1976,-0.47257991032702384
1977-03-31,-0.0044971725783271715,0.0018111851631212412,0.006308357741448413,1976,-0.47495180949156
1977-04-30,-0.008037276870385857,0.007981608833278645,0.016018885703664502,1976,-0.4791717671689715
1977-05-31,-0.00260440159156414,-0.00189834108708815,0.0007060605044759897,1976,-0.48052821304748816
1977-06-30,0.006024430312120202,0.0627680117519953,0.056743581439875096,1976,-0.47739869146788017
1977-07-31,0.00453214474533848,-0.00016514556509195956,-0.00469729031043044,1977,-0.47503018669350927
1977-08-31,0.015396122467241338,-0.0024266576985102974,-0.017822780165751635,1977,-0.4669476871562377
1977-09-30,-0.004755890640855506,0.0058515148571361714,0.010607405497991678,1977,-0.46948282566197774
1977-10-31,-0.008681007062417267,-0.03505160867747276,-0.026370601615055497,1977,-0.4740882489991398
1977-11-30,0.007899842575191954,0.07372893765921285,0.06582909508402089,1977,-0.46993362895778945
1977-12-31,-0.0011485826148150292,0.011998273190379622,0.013146855805194651,1977,-0.4705424539762666
1978-01-31,0.005868118935014807,-0.030379739968560096,-0.0362478589035749,1977,-0.46743553412515826
1978-02-28,-0.0076642612068868795,0.00911609325096274,0.01678035445784962,1977,-0.4715172473011292
1978-03-31,0.00866154173001478,0.0666884874712566,0.058026945741241814,1977,-0.46693977188503477
1978-04-30,0.023129846719796593,0.09744442682370152,0.07431458010390493,1977,-0.4546101705163158
1978-05-31,0.0015015026712516671,0.056259835025349425,0.05475833235409776,1977,-0.4537912662304725
1978-06-30,0.0029672335875283477,0.00257349213806459,-0.00039374144946375785,1977,-0.45217053732983026
1978-07-31,0.0020014949235588678,0.059020133133447825,0.05701863820988896,1978,-0.45107405944131984
1978-08-31,0.010361225793006634,0.07980489784474232,0.06944367205173568,1978,-0.4453865138275529
1978-09-30,-0.0026226986439191547,-0.009141893874929148,-0.0065191952310099935,1978,-0.44684109786563664
1978-10-31,-0.022227772612984226,-0.1816733802779627,-0.15944560766497848,1978,-0.45913658816112723
1978-11-30,0.007085137338589856,0.05097938377443635,0.043894246435846496,1978,-0.4553044966068306
1978-12-31,-0.0003502893170871657,0.011058353613657918,0.011408642930745084,1978,-0.45549529762273466
1979-01-31,0.0013607069178726422,0.08532808123322319,0.08396737431535055,1978,-0.45475438630739573
1979-02-28,-0.005494417042220666,-0.030319621761774697,-0.02482520471955403,1978,-0.4577501930994644
1979-03-31,0.01814660761803369,0.08952814472528953,0.07138153710725584,1978,-0.4479101986226859
1979-04-30,0.003726263818978181,0.01989989966415241,0.016173635845174228,1978,-0.4458529663709868
1979-05-31,-0.002579281767548878,-0.0138313274464739,-0.011252045678925023,1978,-0.44728226771136737
1979-06-30,-0.0009039792781403155,0.05343015543780492,0.05433413471594523,1978,-0.44778191308801696
1979-07-31,-0.0030409263929862852,0.021844728059358665,0.02488565445234495,1979,-0.449461167643192
1979-08-31,0.013281768048958364,0.07940436848897209,0.06612260044001372,1979,-0.4421490385698845
1979-09-30,0.007246745191360619,3.739718294316322e-05,-0.007209348008417456,1979,-0.4381064347976449
1979-10-31,-0.0006513066558569702,-0.09435195451537881,-0.09370064785952184,1979,-0.4384723998165444
1979-11-30,0.011470133231126528,0.07854753752909271,0.06707740429796619,1979,-0.43203160342948543
1979-12-31,0.016443966791052186,0.05829484271089319,0.041850875919841005,1979,-0.4226919499779128
1980-01-31,0.01925663235221335,0.09065371562291076,0.07139708327069741,1979,-0.4115749411046643
1980-02-29,0.011798067350512788,-0.019831651890316306,-0.03162971924082909,1979,-0.4046326626290877
1980-03-31,-0.024072720957138333,-0.14900769411629308,-0.12493497315915475,1979,-0.41896477440861213
1980-04-30,-0.016609157255073954,0.04973259888098878,0.06634175613606273,1979,-0.42861527984119685
1980-05-31,0.0005682406685813962,0.07555268272795153,0.07498444205937013,1979,-0.42829059580579665
1980-06-30,0.0013583489830765738,0.04171023071933404,0.040351881736257464,1979,-0.4275140149179941
1980-07-31,0.03886912799171699,0.1112005237366415,0.0723313957449245,1980,-0.4052619838903774
1980-08-31,0.022757483893873547,0.06297933300298736,0.04022184910911381,1980,-0.39172724306768836
1980-09-30,0.016083232514318962,0.04398158241385158,0.02789834989953262,1980,-0.3819442508858202
1980-10-31,0.003417160057818648,0.025974568608957322,0.022557408551138674,1980,-0.37983225546644206
1980-11-30,0.018741447316458923,0.07732787642743172,0.058586429110972796,1980,-0.3682094143548993
1980-12-31,-0.012824801058320824,-0.030511503442619953,-0.01768670238429913,1980,-0.3763120029263177
1981-01-31,-0.006248402071043003,-0.009760227151415743,-0.0035118250803727394,1980,-0.38020905629891766
1981-02-28,0.0008830834214413157,0.012790784297570093,0.011907700876128777,1980,-0.37966172919177577
1981-03-31,0.007123961075838292,0.08677366137536455,0.07964970029952625,1980,-0.3752424634966852
1981-04-30,0.014313325596482499,0.025174908147723017,0.010861582551240518,1980,-0.36630010545785696
1981-05-31,0.008221467511516665,0.029400624621119684,0.021179157109603018,1980,-0.3610901623628272
1981-06-30,-0.03873481853675513,-0.021724731382183744,0.017010087154571384,1980,-0.3858382189850508
1981-07-31,0.00756772333932371,-0.016071810133339717,-0.023639533472663427,1981,-0.3811904125407434
1981-08-31,-0.022774559319879997,-0.0799439327236644,-0.057169373403784404,1981,-0.3952835281980447
1981-09-30,-0.02186425801330849,-0.08434399130455901,-0.06247973329125052,1981,-0.4085052051624203
1981-10-31,0.01860656104231531,0.08240178338533845,0.06379522234302314,1981,-0.397499521156063
1981-11-30,-0.029262649251810435,0.0130901789196836,0.042352828171494036,1981,-0.41513028134252095
1981-12-31,-0.021292518000805827,-0.02974093490187151,-0.008448416901065684,1981,-0.42758363035516156
1982-01-31,-0.0024094287649986494,-0.026273003388873017,-0.023863574623874367,1981,-0.4289628268217399
1982-02-28,-0.031965953133709195,-0.05942134660724524,-0.027455393473536045,1981,-0.447216574337162
1982-03-31,-0.010811833175964873,-0.01707927603312695,-0.006267442857162077,1981,-0.45319317651786695
1982-04-30,0.011435795286057655,0.05912637791059782,0.047690582624540165,1981,-0.4469400056235058
1982-05-31,-0.002059502791374797,-0.030708679297559563,-0.028649176506184766,1981,-0.44807903422572193
1982-06-30,-0.01492347830212775,-0.0355079703283752,-0.02058449202624745,1981,-0.4563156147829437
1982-07-31,-0.01608771632047807,-0.03063704730287812,-0.01454933098240005,1982,-0.46506225494018927
1982-08-31,0.0008595342978717224,0.0882358638182913,0.08737632952041957,1982,-0.4646024576010842
1982-09-30,-0.02357815006655905,0.013927462669550755,0.037505612736109806,1982,-0.4772261412010328
1982-10-31,0.02547082189397458,0.1477245288031928,0.12225370690921823,1982,-0.4639106613527385
1982-11-30,-0.011979242063970663,0.07258764540960659,0.08456688747357725,1982,-0.470332605308308
1982-12-31,0.005566448343696739,0.018291846472120066,0.012725398128423326,1982,-0.46738423911641624
1983-01-31,0.05075117724446365,0.10787682965695812,0.05712565241249447,1982,-0.4403533622326187
1983-02-28,-0.017105304477563435,0.03770167836268626,0.05480698284024969,1982,-0.4499262883714744
1983-03-31,-0.017051347135494117,0.03819977407075509,0.055251121206249205,1982,-0.4593057861785621
1983-04-30,0.007926571250067127,0.07272532517262749,0.06479875392256036,1982,-0.4550199349682075
1983-05-31,0.024477263148212705,0.08301783963831234,0.05854057649009964,1982,-0.4416803145058943
1983-06-30,0.02615323421847226,0.055705355432723966,0.029552121214251707,1982,-0.4270784490023831
1983-07-31,-0.019800681207089332,-0.033985383252582976,-0.014184702045493644,1983,-0.43842268599035805
1983-08-31,-0.006497412884852349,-0.020968687464502738,-0.01447127457965039,1983,-0.4420714856662451
1983-09-30,-0.02826798135210304,-0.0002965195135466621,0.027971461838556377,1983,-0.45784299850523824
1983-10-31,-0.0410086272915223,-0.06733968443936046,-0.026331057147838163,1983,-0.4800761129130262
1983-11-30,-0.0033219573801560806,0.03655925814725196,0.03988121552740804,1983,-0.4818032779068542
1983-12-31,-0.009451381119466192,-0.02144401382812101,-0.011992632708654818,1983,-0.4867009526222146
1984-01-31,-0.016580505886458867,-0.016001785071466133,0.0005787208149927343,1983,-0.49521171049877566
1984-02-29,-0.00983577228592529,-0.05929153443004344,-0.04945576214411815,1983,-0.5001766931669114
1984-03-31,-0.006144297541386429,0.010101818655783239,0.016246116197169667,1983,-0.5032477562822136
1984-04-30,-0.011907362104369434,-0.01897048006957989,-0.007063117965210454,1983,-0.5091627651243193
1984-05-31,-0.005691799122273036,-0.052256862130149906,-0.04656506300787687,1983,-0.5119565120669636
1984-06-30,-0.0014167040511576107,0.02506518064055749,0.0264818846917151,1983,-0.5126479252534595
1984-07-31,-0.01661010068530909,-0.04505260808357892,-0.028442507398269833,1984,-0.5207428922841937
1984-08-31,0.01551335551947286,0.1113695666645759,0.09585621114510304,1984,-0.5133080063869642
1984-09-30,-0.03439253965891127,-0.017711485575581488,0.016681054083329788,1984,-0.5300465800789751
1984-10-31,-0.012187507763251742,-0.020882404858803157,-0.008694897095551416,1984,-0.5357741410326292
1984-11-30,-0.03445527959419408,-0.040874175990878475,-0.006418896396684397,1984,-0.5517691727982048
1984-12-31,0.006012945949386245,0.01796680268418191,0.011953856734795664,1984,-0.5490739850613917
1985-01-31,0.04187069155995091,0.12630437474027903,0.08443368318032812,1984,-0.5301934009735394
1985-02-28,0.002812395274463607,0.0360155892010018,0.03320319392653819,1984,-0.5288721191145256
1985-03-31,-0.03226062458855664,-0.02312427496391825,0.009136349624638392,1984,-0.5440709988129742
1985-04-30,-0.025713677756577,-0.021112485975929518,0.004601191780647483,1984,-0.5557946102293753
1985-05-31,-0.0124180432242003,0.03833531547039386,0.05075335869459416,1984,-0.5613107719599696
1985-06-30,-0.004235961366684816,0.007218001145916321,0.011453962512601137,1984,-0.563169042581928
1985-07-31,0.010666848689185795,0.014163508381294519,0.003496659692108723,1985,-0.5585094328563972
1985-08-31,-0.02139310221801127,-0.014375287654936123,0.007017814563075146,1985,-0.5679542856875881
1985-09-30,-0.019742453268856625,-0.06257536082631894,-0.042832907557462316,1985,-0.5764839280124106
1985-10-31,-0.009270029563976982,0.030029564640452984,0.039299594204429966,1985,-0.5804099345205549
1985-11-30,0.009524938467379077,0.06640161299307654,0.05687667452569746,1985,-0.5764133649653397
1985-12-31,0.005693560592385523,0.03743569198568592,0.0317421313933004,1985,-0.5740016487926451
1986-01-31,0.0007795953036094684,0.02695759822098647,0.026178002917377003,1985,-0.5736695424786986
1986-02-28,0.01074443644202875,0.06943727711737963,0.058692840675350876,1985,-0.5690888619745599
1986-03-31,0.0037415279762964687,0.05204885423728059,0.04830732626098412,1985,-0.5674765958963399
1986-04-30,0.019509691651342996,0.013322877501938227,-0.006186814149404768,1985,-0.5590381976502883
1986-05-31,0.006420518513719407,0.04667365791165587,0.04025313939793646,1985,-0.556206994234459
1986-06-30,-0.019543494924197782,0.001346758585539422,0.020890253509737205,1985,-0.5648802605900323
1986-07-31,-0.044153106651039775,-0.084617354904538,-0.04046424825349823,1986,-0.5840921488501731
1986-08-31,-0.030590989966706304,0.028787772056476417,0.05937876202318272,1986,-0.596815181751772
1986-09-30,-0.01918592234033873,-0.08077876535923975,-0.06159284301890102,1986,-0.604550654363486
1986-10-31,0.009120832535530574,0.045211551328219926,0.03609071879268935,1986,-0.6009438271056502
1986-11-30,-0.005927552258308958,-0.00014637932629072738,0.005781172932018231,1986,-0.6033092534244822
1986-12-31,-0.009597187072138018,-0.03542776980079142,-0.0258305827286534,1986,-0.6071163687291535
1987-01-31,0.020084768152464835,0.1276571918010014,0.10757242364853657,1986,-0.5992253920841801
1987-02-28,0.03837650938988868,0.0833277326475156,0.04495122325762692,1986,-0.5838450615802697
1987-03-31,0.0010990796271806783,0.017529794904877022,0.016430715277696344,1986,-0.583387674165702
1987-04-30,-0.0058261143170888555,-0.025687092328424928,-0.019860978011336072,1986,-0.5858149052019208
1987-05-31,0.010334325026802278,0.013539206476049552,0.003204881449247274,1986,-0.5815345818110207
1987-06-30,-0.010445197937970573,0.029597597873843882,0.040042795811814455,1986,-0.5859055359342003
1987-07-31,-0.01347584693661083,0.034975470793014024,0.048451317729624854,1987,-0.5914858095492488
1987-08-31,-0.0042963989185712086,0.022326804871347753,0.02662320378991896,1987,-0.5932409494753225
1987-09-30,-0.011854654587483329,-0.022924730965007484,-0.011070076377524156,1987,-0.5980629375196251
1987-10-31,-0.05164711847187914,-0.28744460903089947,-0.23579749055902033,1987,-0.6188218286037882
1987-11-30,-0.03443178625638307,-0.06987486207972214,-0.03544307582333907,1987,-0.6319464739269015
1987-12-31,0.020705699316620266,0.06446666532099833,0.043760966004378066,1987,-0.62432566828361
1988-01-31,0.002763395365770707,0.06822710193115866,0.06546370656538796,1987,-0.623287531576306
1988-02-29,0.013875215862363899,0.07378165961775482,0.05990644375539092,1987,-0.6180605647588833
1988-03-31,-0.009398447292398197,0.014062992671878927,0.023461439964277124,1987,-0.6216502024098853
1988-04-30,-0.005424357095236055,0.006833006792494042,0.012257363887730096,1987,-0.6237025068189244
1988-05-31,-0.02091780790713225,-0.018915260630595145,0.002002547276537105,1987,-0.6315738254972214
1988-06-30,0.0005589702445212008,0.05919954607971263,0.05864057583519143,1987,-0.6313678862283716
1988-07-31,-0.012813704707625485,-0.015508718127127358,-0.0026950134195018747,1988,-0.6360914292799891
1988-08-31,-0.013057119323691361,-0.03169800235515789,-0.01864088303146653,1988,-0.6408430269107943
1988-09-30,0.005374408580542226,0.031036590817461993,0.025662182236919767,1988,-0.6389127705928621
1988-10-31,-0.016444106644838783,-0.009883491238070266,0.006560615406768516,1988,-0.6448505275013223
1988-11-30,-0.012386325124427309,-0.03961771605453219,-0.02723139093010488,1988,-0.6492495243354599
1988-12-31,0.003846783095635478,0.030344492734100843,0.026497709638465365,1988,-0.6479002633348874
1989-01-31,-0.0013840748878926334,0.0661443221196639,0.06752839700755653,1988,-0.6483875957384391
1989-02-28,0.004904641034239648,0.0042951275640220376,-0.0006095134702176104,1988,-0.6466630631123502
1989-03-31,-0.013841733946833423,0.016629126966861797,0.03047086091369522,1988,-0.6515538589863381
1989-04-30,0.005369122866175649,0.04456381417625257,0.03919469131007692,1988,-0.649683008842991
1989-05-31,0.004859603523477703,0.0383997697127132,0.0335401661892355,1988,-0.6479806071584302
1989-06-30,-0.020684309666383262,-0.019611235603523083,0.00107307406286018,1988,-0.6552618852885375
1989-07-31,0.015530266049236727,0.0584502955448934,0.042920029495656674,1989,-0.6499080106497562
1989-08-31,-0.004815624961240748,0.01949308452232654,0.024308709483567288,1989,-0.6515939223724017
1989-09-30,0.011034142540914131,0.005500268561152204,-0.005533873979761928,1989,-0.647749560049738
1989-10-31,0.012082232683661431,-0.03460853659145023,-0.04669076927511166,1989,-0.6434935882713368
1989-11-30,0.007492097090120248,0.003216859878478361,-0.004275237211641887,1989,-0.6408226076214154
1989-12-31,0.0006862108118829485,0.002635501885580222,0.0019492910736972737,1989,-0.6405761362113812
1990-01-31,-0.003362516789130035,-0.06393092121108121,-0.060568404421951175,1989,-0.6417847049877844
1990-02-28,0.0018934457935891255,0.020483235676703154,0.01858978988311403,1989,-0.6411064437442442
1990-03-31,0.026425702297196856,0.0438989419052479,0.017473239608051045,1989,-0.6316224294702474
1990-04-30,0.014545065922054491,-0.025529842674353584,-0.040074908596408075,1989,-0.6262643534226858
1990-05-31,0.026425458695535628,0.08542498380184785,0.05899952510631222,1989,-0.6163882175310077
1990-06-30,0.01685274437215667,0.010435892441156124,-0.006416851931000547,1989,-0.6099233062229104
1990-07-31,-0.009016124615172035,-0.031920167185782694,-0.02290404257061066,1990,-0.6134402863034789
1990-08-31,-0.028641377860339337,-0.12147080131158972,-0.09282942345125038,1990,-0.6245118891290455
1990-09-30,-0.007691045571855071,-0.07921472222963652,-0.07152367665778145,1990,-0.6273997853014439
1990-10-31,0.0034559227144710034,-0.04008169471780769,-0.04353761743227869,1990,-0.6261121077560503
1990-11-30,0.014183322419937257,0.0667183997863448,0.05253507736640755,1990,-0.6208091352314435
1990-12-31,0.010878064563929264,0.024536973294767957,0.013658908730838693,1990,-0.6166842725224391
1991-01-31,0.026691828200481257,0.09348213777634616,0.0667903095758649,1990,-0.6064528749780655
1991-02-28,0.006935011927328524,0.11763144516364193,0.11069643323631341,1990,-0.6037236209720724
1991-03-31,0.0231553332051899,0.07192436163393652,0.04876902842874662,1990,-0.5945477093743348
1991-04-30,-0.012166067708347536,0.016604932959029393,0.02877100066737693,1990,-0.5994804693945912
1991-05-31,0.007202134874804776,0.042805130135801776,0.035602995260997,1990,-0.5965958737151775
1991-06-30,-0.007590594632621149,-0.03994447886722839,-0.03235388423460724,1990,-0.5996579509109323
1991-07-31,-0.0010309603375847423,0.04143869723628232,0.04246965757386706,1991,-0.6000706876850105
1991-08-31,0.0037746499774996417,0.03322096984501881,0.029446319867519166,1991,-0.5985610945152793
1991-09-30,0.006391605507579022,0.003570403962033973,-0.002821201545545049,1991,-0.5959952553960266
1991-10-31,-0.0010252773620741742,0.028168443977843585,0.02919372133991776,1991,-0.5964094723148397
1991-11-30,0.0023268213243328797,-0.027042189539860713,-0.029369010864193593,1991,-0.5954703892687231
1991-12-31,0.018466054446495406,0.07784559312632122,0.059379538679825816,1991,-0.5880003234517397
1992-01-31,0.004033848212352822,0.10032599722373099,0.09629214901137817,1991,-0.5863383792930057
1992-02-29,-0.028052963916587497,0.026325437583315767,0.054378401499903264,1991,-0.5979428138123761
1992-03-31,-0.023638020210740754,-0.027643291152758508,-0.0040052709420177555,1991,-0.6074466497053528
1992-04-30,-0.02744376073136861,-0.0319276259815528,-0.004483865250184191,1991,-0.6182197899251362
1992-05-31,-0.013743142642722155,0.0016081171081437488,0.015351259750865903,1991,-0.6234666498103634
1992-06-30,-0.018712433315727257,-0.043548376222891844,-0.024835942907164586,1991,-0.6305125050169345
1992-07-31,-0.003034914974688767,0.03161052011888718,0.03464543509357595,1992,-0.6316338681484188
1992-08-31,0.011203679224772771,-0.020464269890760743,-0.031667949115533514,1992,-0.6275068121698832
1992-09-30,-0.006616655389766447,0.012333574304151919,0.018950229693918366,1992,-0.6299714712287907
1992-10-31,0.005747261379137145,0.025345278362691587,0.019598016983554442,1992,-0.627844820556205
1992-11-30,0.0034177545071910967,0.06469593212295181,0.061278177615760716,1992,-0.6265728855142865
1992-12-31,-0.022653350409423515,0.02204673359835743,0.044700084007780944,1992,-0.6350322607911112
1993-01-31,-0.009328287371565616,0.04203435612249579,0.05136264349406141,1992,-0.6384367847438024
1993-02-28,-0.0428622262645299,-0.026288824436627792,0.016573401827902113,1992,-0.6539341890850444
1993-03-31,-0.010044310682578463,0.022634906373927097,0.03267921705650556,1992,-0.6574101816064927
1993-04-30,-0.018888331283848397,-0.03129780823135593,-0.012409476947507532,1992,-0.6638811315907827
1993-05-31,0.026995203069641885,0.05106527462851354,0.024070071558871656,1992,-0.6548075344825377
1993-06-30,-0.01742728262456027,0.0006254530406615381,0.01805273566522181,1992,-0.6608233011389792
1993-07-31,-0.03501373214058434,-0.007693958137894296,0.027319774002690048,1993,-0.6726991432212266
1993-08-31,-0.010027812791000033,0.030971520337563042,0.040999333128563076,1993,-0.6759812549393381
1993-09-30,0.0013629197808307236,0.018442478216898813,0.01707955843606809,1993,-0.6755396433823351
1993-10-31,0.031245175081460432,0.04180988369206572,0.010564708610605291,1993,-0.665401822732823
1993-11-30,0.0031714579040709318,-0.018481990903961226,-0.021653448808032157,1993,-0.6643406586988413
1993-12-31,-0.0028354321461974384,0.016698334978463167,0.019533767124660605,1993,-0.665292397985338
1994-01-31,-0.009066183698485511,0.03878468026017293,0.04785086395865844,1993,-0.6683269185904825
1994-02-28,-0.0018784880580618845,-0.009853638914421186,-0.007975150856359301,1993,-0.668949962513091
1994-03-31,-0.021889725767165982,-0.05422490924516038,-0.0323351834779944,1993,-0.6761965570488895
1994-04-30,-0.030784782070316055,-0.017184973192976013,0.013599808877340042,1993,-0.6861647754737574
1994-05-31,2.6889546424642072e-05,0.0020244326763716285,0.0019975431299469864,1993,-0.6861563365869178
1994-06-30,-0.02455503574546118,-0.042684866518057946,-0.018129830772596764,1993,-0.6938627789605125
1994-07-31,-0.01327883323755948,0.018699137196962232,0.03197797043452171,1994,-0.6979279240665057
1994-08-31,0.018535763152584837,0.05540362668383691,0.03686786353125207,1994,-0.6923287876119928
1994-09-30,0.003371335516042147,-0.0030801668314629537,-0.006451502347505101,1994,-0.6912915247264054
1994-10-31,0.0018593698524078358,0.005414867536126932,0.0035554976837190964,1994,-0.6907175214942989
1994-11-30,-0.000756506797324516,-0.03961898921648828,-0.03886248241916376,1994,-0.6909514957915819
1994-12-31,-0.013387066232910798,-0.01054808401197241,0.0028389822209383877,1994,-0.695088748586602
1995-01-31,-0.0009587232108187911,0.030316591317722432,0.03127531452854122,1994,-0.6953810740805717
1995-02-28,-0.002428749879141247,0.040264352799339743,0.04269310267848099,1994,-0.6961209172600826
1995-03-31,0.005576788989612731,0.026280581178347348,0.020703792188734617,1994,-0.6944262477372851
1995-04-30,-0.02072012670496242,0.011606462581668621,0.03232658928663104,1994,-0.7007577746018794
1995-05-31,-0.0026210183540262,0.026922778753649006,0.029543797107675206,1994,-0.7015420939669474
1995-06-30,0.021775847298182244,0.05674866409274633,0.034972816794564085,1994,-0.6950429201802365
1995-07-31,0.018892930591619096,0.06561529267567506,0.04672236208405597,1995,-0.6892813872377789
1995-08-31,-0.012049690744198427,0.02387457105915594,0.03592426180335437,1995,-0.6930254504300299
1995-09-30,-0.003748619761568414,0.02787707382466445,0.031625693586232864,1995,-0.6941761812928465
1995-10-31,-0.03274434904284363,-0.05224794793658004,-0.019503598893736408,1995,-0.7041901831582089
1995-11-30,0.005693555804506555,0.03266445921732026,0.026970903412813704,1995,-0.7025059734584993
1995-12-31,-0.015324500112927915,-0.000142141178544615,0.0151823589343833,1995,-0.7070649207018299
1996-01-31,0.010888736255713658,0.030034494895579664,0.019145758639866006,1995,-0.7038752278833056
1996-02-29,0.023043158164649892,0.044217225626868036,0.021174067462218144,1995,-0.6970515779229496
1996-03-31,0.010069964624942952,0.02600271083690646,0.015932746211963507,1995,-0.6940008980294514
1996-04-30,0.03412052822397406,0.06281588333314232,0.02869535510916826,1995,-0.6835600470341547
1996-05-31,0.02085439682930501,0.06307280760173,0.04221841077242498,1995,-0.6769608826823583
1996-06-30,-0.03764423608326627,-0.0462147174881002,-0.008570481404833926,1995,-0.6891214434787936
1996-07-31,-0.045514054929100475,-0.09560849281401274,-0.05009443788491226,1996,-0.7032707871765793
1996-08-31,0.0012809261751770412,0.04745695226307412,0.04617602608789708,1996,-0.702890698960934
1996-09-30,0.012754158319111274,0.04576962839464095,0.03301547007552968,1996,-0.6991013198974013
1996-10-31,-0.05037353239824127,-0.03142114523584844,0.018952387162392833,1996,-0.7142586493081375
1996-11-30,-0.02030153633122688,0.03507984698098854,0.05538138331221542,1996,-0.7200596377205423
1996-12-31,-0.018231496104597802,-0.01449067761564287,0.003740818488954932,1996,-0.72516336934496
1997-01-31,0.016810857362142745,0.06403786579633264,0.04722700843418989,1996,-0.7205431299491261
1997-02-28,-0.0373946249516274,-0.024116318320173587,0.013278306631453816,1996,-0.7309933147948342
1997-03-31,-0.0340281475452497,-0.06898338894050642,-0.034955241395256714,1996,-0.740147113969654
1997-04-30,-0.007007893391910084,-0.007357871242876684,-0.0003499778509666006,1996,-0.7419681352925349
1997-05-31,0.04258087046800607,0.11144102160315963,0.06886015113515356,1996,-0.7309809138848082
1997-06-30,-0.020163768249181924,0.030665378241402613,0.05082914649058454,1996,-0.7364053523918417
1997-07-31,-0.014289720180577045,0.05651876303246453,0.07080848321304158,1997,-0.7401720461472601
1997-08-31,0.0059975997086445364,0.015510111985106332,0.009512512276461795,1997,-0.7386137020869352
1997-09-30,-0.0034996905609274986,0.07120737524642223,0.07470706580734973,1997,-0.7395284732464973
1997-10-31,-0.039452917617014194,-0.0483184090598473,-0.008865491442833103,1997,-0.7498048349330811
1997-11-30,-0.04305698717373847,-0.023423610760339754,0.01963337641339872,1997,-0.7605774849462988
1997-12-31,-0.05903706198197885,-0.03640707735797691,0.022629984624001943,1997,-0.7747122868074054
1998-01-31,0.026767750036413032,0.016978894921930762,-0.009788855114482268,1997,-0.768681841614391
1998-02-28,0.007289055702992375,0.07620869302940801,0.06891963732641564,1997,-0.7669957506728047
1998-03-31,-0.013948346942807867,0.04215006230687952,0.056098409249687384,1997,-0.770245774781569
1998-04-30,0.004753423913812567,0.024017012627342182,0.019263588713529615,1997,-0.7691536555531162
1998-05-31,-0.027533944433483983,-0.05435347655464736,-0.026819532121163378,1997,-0.7755097659737896
1998-06-30,-0.009329074918148716,-0.015766981165110765,-0.006437906246962047,1997,-0.7776040521854128
1998-07-31,-0.021994432470761556,-0.06491615290662543,-0.042921720435863876,1998,-0.7824955248413918
1998-08-31,-0.07338119653857583,-0.21734166432165752,-0.1439604677830817,1998,-0.7984562634810254
1998-09-30,0.03778066107821377,0.07854340941743443,0.04076274833922066,1998,-0.7908418078791652
1998-10-31,0.04701023668994029,0.07132345884761943,0.024313222157679136,1998,-0.7810092317619247
1998-11-30,0.02034019971961744,0.07757255188636492,0.05723235216674748,1998,-0.7765549157992098
1998-12-31,0.03399297380812934,0.05288470034990933,0.018891726541779993,1998,-0.7689593529044171
1999-01-31,0.05130320426603216,0.06418791242511691,0.012884708159084757,1998,-0.7571062273927162
1999-02-28,-0.023264116378206905,-0.05480265756013698,-0.03153854118193008,1998,-0.7627569363861937
1999-03-31,0.016709606174455195,0.004351357158014487,-0.01235824901644071,1998,-0.7587926982255858
1999-04-30,-0.0031994948535305906,0.07925912954161936,0.08245862439514995,1998,-0.7595644397462471
1999-05-31,-0.002847966653162226,0.031680671504396046,0.03452863815755827,1998,-0.7602491922040842
1999-06-30,0.023831096224112183,0.052368207482712675,0.028537111258600492,1998,-0.754535667633691
1999-07-31,-0.011066992867991943,-0.008681193460390035,0.002385799407601908,1999,-0.7572522196493354
1999-08-31,-0.000295505720419989,-0.0322137156812485,-0.03191820996082851,1999,-0.7573239530070482
1999-09-30,0.014707328790274228,-0.011249042842427661,-0.02595637163270189,1999,-0.7537548365943989
1999-10-31,0.00042860894835434343,0.007996169945089799,0.0075675609967354555,1999,-0.7536492937138742
1999-11-30,0.07581769920363848,0.11205355500070761,0.03623585579706913,1999,-0.734971549966069
1999-12-31,0.06720524758745415,0.11315570237655719,0.045950454789103035,1999,-0.7171602473638193
2000-01-31,0.02510422001565413,0.039665799546172345,0.014561579530518214,1999,-0.7100597759844675
2000-02-29,0.11143870923278383,0.1554299786249427,0.043991269392158874,1999,-0.6777492116655124
2000-03-31,-0.04153890058809692,0.019636344349768808,0.061175244937865726,1999,-0.6911351551265745
2000-04-30,-0.053803364552726864,-0.08254086972399143,-0.02873750517126456,1999,-0.7077531229728208
2000-05-31,-0.03249502709211493,-0.051795171778302174,-0.019300144686187244,1999,-0.717249693159405
2000-06-30,0.0694246437677502,0.07934283118059045,0.009918187412840243,1999,-0.6976198538317746
2000-07-31,-0.026568337076649642,-0.03551622628798953,-0.00894788921133989,2000,-0.7056535914804586
2000-08-31,-0.013248267123261076,0.08106796620993983,0.09431623333320091,2000,-0.709553171327298
2000-09-30,-0.019100409604264464,-0.04051928964829908,-0.021418880044034617,2000,-0.7151008247232062
2000-10-31,-0.004984953145076944,-0.04766839323187598,-0.042683440086799036,2000,-0.7165210337630321
2000-11-30,-0.0334596753432434,-0.1322676143341182,-0.09880793899087481,2000,-0.7260061479399593
2000-12-31,-0.06134345482538691,-0.010310266436757858,0.05103318838862905,2000,-0.7428138774262382
2001-01-31,0.08964796073438591,0.24787836332906954,0.15823040259468363,2000,-0.7197576660083167
2001-02-28,-0.04739428078930062,-0.09872487113997991,-0.05133059035067929,2000,-0.7330395498745674
2001-03-31,-0.059384414755851544,-0.09347496898848151,-0.034090554232629966,2000,-0.7488928399682249
2001-04-30,0.029418829630595653,0.11685028749153613,0.08743145786094048,2000,-0.7415055612082274
2001-05-31,0.00911825207802245,0.05549521136287882,0.04637695928485637,2000,-0.7391485437545571
2001-06-30,0.028921578024742853,0.018534761945809882,-0.010386816078932971,2000,-0.7316043080098866
2001-07-31,-0.06484390037639476,-0.059810797643078034,0.005033102733316723,2001,-0.7490081315227471
2001-08-31,-0.06945644969146408,-0.07257719468675736,-0.003120744995293267,2001,-0.766441135608604
2001-09-30,-0.08485623820723932,-0.17258387835034256,-0.08772764014310323,2001,-0.7862600622408127
2001-10-31,0.10937940656946551,0.13603413634966055,0.02665472978019503,2001,-0.7628813146885183
2001-11-30,0.05935297428141943,0.12106260556705657,0.06170963128563714,2001,-0.7488076154575818
2001-12-31,0.0159282786513016,0.0629459838772033,0.04701770522590169,2001,-0.7448065531615053
2002-01-31,-0.033310511231480204,-0.004305089417314399,0.029005421814165804,2001,-0.7533071773386192
2002-02-28,-0.07696286956753329,-0.07581101302183574,0.0011518565456975468,2001,-0.7722933648723537
2002-03-31,0.02114122007010985,0.09026662874543515,0.0691254086753253,2001,-0.7674793687876958
2002-04-30,-0.09435238300717808,-0.06629185432318163,0.028060528683996437,2001,-0.78941824444091
2002-05-31,-0.0442601863815706,-0.0444999150032577,-0.00023972862168709745,2001,-0.7987386321905137
2002-06-30,-0.08535800297928965,-0.11743877464982144,-0.03208077167053179,2001,-0.8159179006236117
2002-07-31,-0.022859285064661117,-0.12096587317624843,-0.09810658811158732,2002,-0.8201258858085578
2002-08-31,0.0043817348997056416,0.003581344480339212,-0.0008003904193664294,2002,-0.8193377251248516
2002-09-30,-0.02480628203346849,-0.11365228894252,-0.0888460069090515,2002,-0.8238192844682125
2002-10-31,0.04280133979783529,0.08252501787374789,0.039723678075912594,2002,-0.8162785137969107
2002-11-30,0.07659352632725558,0.16364349075743068,0.0870499644301751,2002,-0.8022066373065319
2002-12-31,-0.04602599020534524,-0.07718065246332492,-0.031154662257979686,2002,-0.8113102726805438
2003-01-31,0.004159693139519704,-0.003425613835536974,-0.007585306975056678,2002,-0.8105253813163151
2003-02-28,-0.008033500898222107,-0.030317273278197145,-0.022283772379975038,2002,-0.8120475258357008
2003-03-31,0.020697113478999857,0.020445729801790657,-0.00025138367720919756,2002,-0.8081574521492635
2003-04-30,0.011011843564783921,0.112631544556148,0.10161970099136408,2002,-0.8060449120232617
2003-05-31,0.05644010721478074,0.1585790944832478,0.10213898726846707,2002,-0.7950980660630023
2003-06-30,-0.005157519863148441,0.028891046391091087,0.03404856625423953,2002,-0.7961548518572799
2003-07-31,0.018384618430424833,0.06749546622717362,0.049110847796748784,2003,-0.7924072365897825
2003-08-31,0.0008224951439879599,0.053612251901956474,0.052789756757968515,2003,-0.7922364925499507
2003-09-30,-0.013572585522282968,0.0007920319296287372,0.014364617451911706,2003,-0.7950563805232259
2003-10-31,-0.007647693653591303,0.07754518923806403,0.08519288289165533,2003,-0.7966237265412425
2003-11-30,-0.01886800707052913,0.02763281087008628,0.04650081794061541,2003,-0.8004610315068401
2003-12-31,-0.014890797652977086,0.02906434145687222,0.04395513910984931,2003,-0.8034323259105556
2004-01-31,0.02046666573988904,0.0673095570964464,0.04684289135655736,2003,-0.7994092410296995
2004-02-29,-0.01996634853878879,0.0022640037907565892,0.02223035232954538,2003,-0.8034143060369606
2004-03-31,-0.020784329867241106,-0.005947623686050006,0.0148367061811911,2003,-0.8075002079474689
2004-04-30,0.005049812497944124,-0.035523916338321276,-0.0405737288362654,2003,-0.8065281200917105
2004-05-31,-0.00196869560918941,0.007910928924362248,0.009879624533551658,2003,-0.8069090073321875
2004-06-30,-0.012481718474214684,0.02186764589048979,0.034349364364704475,2003,-0.8093191147425738
2004-07-31,-0.024299376959612838,-0.07267667579850959,-0.04837729883889675,2004,-0.8139525414524367
2004-08-31,-0.008143065101543587,-0.012763246574563788,-0.0046201814730201995,2004,-0.8154675380193662
2004-09-30,-0.006250130102234686,0.03764492105311308,0.04389505115534777,2004,-0.8166208899148308
2004-10-31,-0.007380646270527095,0.018153651398767994,0.02553429766929509,2004,-0.8179743462597735
2004-11-30,-0.005581161593630854,0.07923116733223527,0.08481232892586613,2004,-0.818990260847484
2004-12-31,0.01010841968547492,0.060492142908145946,0.050383723222671026,2004,-0.8171605384369721
2005-01-31,-0.007630979437258233,-0.032737004690072166,-0.025106025252813934,2004,-0.8185557826084789
2005-02-28,-0.010149796512130169,0.011513509487510629,0.021663305999640798,2004,-0.8203974044933056
2005-03-31,-0.0024168632701419487,-0.021979891535918013,-0.019563028265776064,2004,-0.8208314794096079
2005-04-30,-0.005606637368718206,-0.05275119894840341,-0.047144561579685204,2004,-0.821836012332448
2005-05-31,-8.52035332628287e-06,0.05096696978763675,0.05097549014096303,2004,-0.8218375303525729
2005-06-30,-0.018535338609955036,0.017524022400398853,0.03605936101035389,2004,-0.8251398320550738
2005-07-31,0.0068945588286307286,0.06522471035417342,0.05833015152554269,2005,-0.8239342483403933
2005-08-31,0.000829202126290892,-0.012566360304180091,-0.013395562430470983,2005,-0.8237882542447501
2005-09-30,-0.009933491389469657,0.007805138283743612,0.01773862967321327,2005,-0.8255386521039333
2005-10-31,0.00610149722943264,-0.027399618763601533,-0.033501115993034174,2005,-0.8244741766731023
2005-11-30,0.01069813537111769,0.048174610960491346,0.037476475589373656,2005,-0.8225963776540243
2005-12-31,-0.005868397288555352,0.006704768165485911,0.012573165454041264,2005,-0.8236374525903793
2006-01-31,0.004777276229408392,0.07057234957581263,0.06579507334640423,2005,-0.8227949199848814
2006-02-28,0.006842180199613359,0.005868517861861375,-0.0009736623377519841,2005,-0.821582450895131
2006-03-31,0.0039720577121369754,0.03562975331889706,0.031657695606760086,2005,-0.8208737660932285
2006-04-30,-0.02136725907573493,-0.0010933197582867218,0.020273939317448208,2005,-0.8247012027403752
2006-05-31,-0.02949090006757346,-0.057681279404691865,-0.028190379337118404,2005,-0.8298709220523246
2006-06-30,-0.018920095704985818,-0.015977864435286992,0.002942231269698826,2005,-0.8330897804892956
2006-07-31,-0.024852653257964853,-0.038244283731306644,-0.013391630473341791,2006,-0.8372379423000059
2006-08-31,0.016780165335793712,0.03267170565573689,0.01589154031994318,2006,-0.834506768061406
2006-09-30,0.005007911269205495,0.01651482223676489,0.011506910967559396,2006,-0.8336779926402036
2006-10-31,0.006785988836561591,0.04706990382470344,0.04028391498814185,2006,-0.8325493333549855
2006-11-30,-0.0065275244829153395,0.02617353130845796,0.0327010557913733,2006,-0.8336423716811913
2006-12-31,-0.006943377896712892,0.0035541669063075872,0.01049754480302048,2006,-0.8347974555606097
2007-01-31,0.009496060068929914,0.030025865505354004,0.02052980543642409,2006,-0.8332286822750732
2007-02-28,-0.00360297589250939,0.0009639916675161053,0.0045669675600254955,2006,-0.8338295553123981
2007-03-31,-0.004374233574304076,0.006393491483075384,0.01076772505737946,2006,-0.8345564236506077
2007-04-30,0.00227645564700793,0.032125091604582934,0.029848635957575004,2006,-0.8341797986869659
2007-05-31,0.009741497541988803,0.033630513142995366,0.023889015601006564,2006,-0.8325644616034629
2007-06-30,0.0106055822954021,-0.004754111537333456,-0.015359693832735555,2006,-0.8307887102218234
2007-07-31,0.018203578414581117,-0.03529285442246399,-0.05349643283704511,2007,-0.827708459239714
2007-08-31,0.017574949056594322,0.00346543825377604,-0.014109510802818283,2007,-0.8246804441879698
2007-09-30,0.010162146442047115,0.03197158366001321,0.021809437217966094,2007,-0.8228988211876533
2007-10-31,0.01763424229507187,0.019981109707435746,0.0023468674123638756,2007,-0.8197757760897335
2007-11-30,-0.002784115156342984,-0.07037991572351537,-0.06759580056717239,2007,-0.8202775410830623
2007-12-31,0.005886924628058333,-0.005865032822383379,-0.011751957450441712,2007,-0.8192195285134489
2008-01-31,-0.01891481633526941,-0.06216089572233073,-0.04324607938706132,2007,-0.8226389579286205
2008-02-29,0.00019174330706487122,-0.02822558193379778,-0.02841732524086265,2007,-0.8226049501358692
2008-03-31,-0.0044387154440928625,-0.024254049166645142,-0.01981533372255228,2007,-0.8233923562834068
2008-04-30,0.010783565782194346,0.04263030354244147,0.03184673776024712,2007,-0.8214878961397506
2008-05-31,0.03312536234130228,0.05078107957004318,0.017655717228740903,2007,-0.8155746180170715
2008-06-30,0.026836792888591005,-0.08528512352275824,-0.11212191641134925,2007,-0.8106252322373965
2008-07-31,0.027063549492070335,0.005440228811235554,-0.021623320680834782,2008,-0.8055000788375039
2008-08-31,0.00899613501619842,0.023112279934599564,0.014116144918401144,2008,-0.8037503312860861
2008-09-30,-0.006870361860496929,-0.12229081592323406,-0.11542045406273713,2008,-0.8050986375251533
2008-10-31,-0.017282565871225175,-0.22589256380333944,-0.20860999793211427,2008,-0.8084670331605164
2008-11-30,0.000994024624707851,-0.12575704352397202,-0.12675106814867987,2008,-0.8082766446750347
2008-12-31,0.020718276624665778,0.052176749580576255,0.03145847295591048,2008,-0.804304467164003
2009-01-31,0.019958735079024507,-0.03820635326773246,-0.05816508834675697,2008,-0.8003986318679808
2009-02-28,0.027709557515199865,-0.10090336183432237,-0.12861291934952224,2008,-0.794867766277614
2009-03-31,-0.0067972218374058035,0.11463695673878507,0.12143417857619088,2008,-0.7962620955762276
2009-04-30,0.016925161006653672,0.2016558545647696,0.18473069355811592,2008,-0.792813798740697
2009-05-31,-0.019588759776615977,0.08645390184136328,0.10604266161797926,2008,-0.7968723194661951
2009-06-30,0.024064214147620118,0.03630959236556827,0.012245378217948154,2008,-0.7919842114625203
2009-07-31,0.0010018829061693435,0.09037359805193551,0.08937171514576617,2009,-0.7917758039997712
2009-08-31,-0.03186971792727699,0.05224218267589347,0.08411190060317046,2009,-0.7984118503919326
2009-09-30,0.03949808041253238,0.085376445803436,0.04587836539090361,2009,-0.7904495054484995
2009-10-31,-0.0066237458946407785,-0.05962478953183301,-0.053001043637192234,2009,-0.791837514676505
2009-11-30,0.008466282574104526,0.035085174553665985,0.02661889197956146,2009,-0.7900751522544284
2009-12-31,0.015478012159588633,0.06742064481422734,0.05194263265463871,2009,-0.7868259329084226
2010-01-31,-0.04016306200853466,-0.03292977476397077,0.00723328724456389,2009,-0.7953876561836333
2010-02-28,0.008673895354413166,0.04293669389690703,0.034262798542493866,2009,-0.7936128701251488
2010-03-31,0.006267881486109336,0.07444613627002236,0.06817825478391303,2009,-0.792319260054835
2010-04-30,-0.024431700597045435,0.04820582392180329,0.07263752451884872,2009,-0.7973932537129481
2010-05-31,-0.0052927094714103895,-0.08148658578737661,-0.07619387631596622,2009,-0.7984655923579933
2010-06-30,-0.0004206400640897473,-0.06524342173278679,-0.06482278166869704,2009,-0.7985503658041401
2010-07-31,-0.003304914476167986,0.06127340800008288,0.06457832247625087,2010,-0.7992161396164127
2010-08-31,0.0005283663542455866,-0.05465956577083007,-0.05518793212507565,2010,-0.7991100521801104
2010-09-30,0.013115830767945133,0.11451908675587016,0.10140325598792503,2010,-0.7964752136215235
2010-10-31,0.007362828432089803,0.049093907972155355,0.04173107954006555,2010,-0.794976695537741
2010-11-30,-0.005282675095614094,0.017185001505653483,0.022467676601267576,2010,-0.7960597670422442
2010-12-31,-0.0006094854153337048,0.08288866859423216,0.08349815400956587,2010,-0.7961840656398318
2011-01-31,-0.01454394260144315,0.011653655390981808,0.026197597992424958,2010,-0.7991483528904255
2011-02-28,-0.007866564368253157,0.038150827848296376,0.04601739221654953,2010,-0.8007283653008828
2011-03-31,0.014774440425065228,0.022364428463138308,0.00758998803807308,2010,-0.7977842384056153
2011-04-30,0.012843781634756263,0.023633409977473808,0.010789628342717544,2010,-0.7951870233205911
2011-05-31,0.015620405622780463,-0.00989791129449017,-0.025518316917270634,2010,-0.7919877615480496
2011-06-30,0.007415939911363141,-0.016187229737432203,-0.023603169648795344,2010,-0.7904451552868619
2011-07-31,-0.018673425017048117,-0.03845026729501748,-0.019776842277969362,2011,-0.7943582619665718
2011-08-31,-0.00017228204590830076,-0.0842815232723729,-0.0841092412264646,2011,-0.7943936903459243
2011-09-30,-0.0003937871003602822,-0.10137709595376726,-0.10098330885340698,2011,-0.7944746554584188
2011-10-31,0.0022087309886325845,0.13202921223061004,0.12982048124197745,2011,-0.7940207052609805
2011-11-30,-0.0073719738345854775,-0.015683255844628877,-0.0083112820100434,2011,-0.7955391792322628
2011-12-31,-0.018993394776887954,-0.013056897701857188,0.005936497075030764,2011,-0.799422584317511
2012-01-31,0.016105076367896168,0.0952292466725051,0.07912417030460893,2011,-0.7961922697202692
2012-02-29,0.0050171734649249525,0.04453831126153755,0.0395211377966126,2011,-0.7951697309839632
2012-03-31,-0.0037707807224598294,0.024622216695355796,0.028392997417815626,2011,-0.7959421010137452
2012-04-30,-0.007600501318529292,-0.015587434937604401,-0.007986933619075109,2011,-0.7974930433440465
2012-05-31,-0.005908227725068202,-0.07254172069247877,-0.06663349296741057,2011,-0.7986895005598804
2012-06-30,0.010134503860069491,0.04130193283384538,0.03116742897377589,2011,-0.796649318526232
2012-07-31,-0.013437758495069962,-0.016230338829245974,-0.002792580334176012,2012,-0.7993818958736844
2012-08-31,0.0024669028336086335,0.03276267652691238,0.030295773693303746,2012,-0.798886990504142
2012-09-30,0.006249244584864845,0.03631583797071994,0.030066593385855094,2012,-0.7976301861186041
2012-10-31,-0.032388509736300634,-0.030043752770032517,0.0023447569662681175,2012,-0.804184642805835
2012-11-30,0.009133220544466901,0.012105771765194003,0.0029725512207271023,2012,-0.8023962179625872
2012-12-31,-0.007103155729079474,0.019436995048000612,0.026540150777080086,2012,-0.803799828399054
2013-01-31,-0.004896561126879501,0.07248333045588037,0.07737989158275987,2012,-0.8047605345324023
2013-02-28,-0.005709525989653335,0.00844344272262198,0.014152968712275315,2012,-0.8058752593346956
2013-03-31,0.0012818675243035649,0.04218788192020505,0.04090601439590148,2012,-0.8056264171339729
2013-04-30,-0.006446870627429167,-0.0021606925601444825,0.004286178067284685,2012,-0.8068795184761
2013-05-31,0.010127665868210942,0.04654558158329525,0.036417915715084306,2012,-0.804923658766918
2013-06-30,-0.017806987774322797,-0.019058795129478598,-0.0012518073551558025,2012,-0.8083973807903151
2013-07-31,0.017179152773507303,0.07552592091872933,0.05834676814522202,2013,-0.8051058101231077
2013-08-31,0.019529475273880173,-0.009909517959636065,-0.029438993233516238,2013,-0.801299628860884
2013-09-30,0.010475921020905152,0.05966881366549731,0.04919289264459216,2013,-0.7992180594660061
2013-10-31,-0.021411600438461027,0.017438523236230893,0.03885012367469192,2013,-0.8035171221519788
2013-11-30,0.002307902795103102,0.03971747456351056,0.03740957176840746,2013,-0.8030636587690034
2013-12-31,0.009145340275030965,0.03052563499874627,0.021380294723715304,2013,-0.8012626089159264
2014-01-31,0.015727090203603366,-0.0063503690124750364,-0.022077459216078402,2013,-0.7981370480395185
2014-02-28,0.009393560040839043,0.05017565017861259,0.04078209013777355,2013,-0.7962408362802567
2014-03-31,-0.0259623300424761,-0.010197311344697826,0.015765018697778275,2013,-0.8015308989379275
2014-04-30,-0.0178420591444769,-0.0383002221038379,-0.020458162959361,2013,-0.8050719963774282
2014-05-31,0.0011936340174777014,0.0029726128218434955,0.001778978804365794,2013,-0.8048393236813453
2014-06-30,0.011167875301483311,0.04993625341914445,0.03876837811766114,2013,-0.8026597935844654
2014-07-31,-0.004643914441848182,-0.04628547459259823,-0.041641560150750045,2014,-0.8035762246189958
2014-08-31,0.010744800195634507,0.049858664368545885,0.03911386417291138,2014,-0.8014656903988547
2014-09-30,-0.0011984310156885405,-0.045844704197953744,-0.0446462731822652,2014,-0.8017036200731591
2014-10-31,0.017545446705127456,0.031354182451014644,0.013808735745887188,2014,-0.798224421507333
2014-11-30,0.021190372895292256,0.009773955678284431,-0.011416417217007825,2014,-0.79394872175791
2014-12-31,-0.0033520183238292325,0.011929248901586566,0.015281267225415798,2014,-0.794639409418226
2015-01-31,0.01192176430957096,-0.02903031055486594,-0.0409520748644369,2014,-0.7921911488588357
2015-02-28,0.023821669331064665,0.07834660137141852,0.05452493204035386,2014,-0.7872407951228825
2015-03-31,-0.005182273920163398,-0.007891605826083942,-0.002709331905920544,2014,-0.7883433716015918
2015-04-30,-0.02232774958990975,-0.002043469226573443,0.020284280363336307,2014,-0.7930691877995161
2015-05-31,0.00982356261304637,0.009834489780189463,1.0927167143094055e-05,2014,-0.791036390009296
2015-06-30,0.007473564590674822,-0.002620391325402845,-0.010093955916077667,2014,-0.78947468697293
2015-07-31,0.024822611850352616,-0.005516344795362898,-0.030338956645715516,2015,-0.7842488988429851
2015-08-31,-0.03356661290704133,-0.06079768108862153,-0.027231068181580203,2015,-0.7914909325397905
2015-09-30,-0.022193926490410062,-0.06098896641604004,-0.03879503992562998,2015,-0.7961185674555864
2015-10-31,0.01329696142843962,0.06491438975025879,0.05161742832181917,2015,-0.7934075639110683
2015-11-30,0.01755362218912271,0.027781389367278767,0.01022776717815606,2015,-0.7897811183408326
2015-12-31,0.006224201272454849,-0.03758687417904366,-0.04381107545149851,2015,-0.7884726737101155
2016-01-31,-0.026185719414643024,-0.09857961120798131,-0.07239389179333829,2015,-0.7940116689248722
2016-02-29,-0.009359598678480588,0.009311028403563446,0.018670627082044033,2015,-0.7959396370361853
2016-03-31,-0.02376278312970162,0.07217753329333504,0.09594031642303666,2015,-0.8007886791866626
2016-04-30,-0.041411328263936203,0.02712278197357235,0.06853411023750855,2015,-0.8090382845867561
2016-05-31,0.016917997419958704,0.011349217578879928,-0.005568779841078777,2015,-0.805807594778084
2016-06-30,-0.009629599034286842,-0.006449471148058252,0.003180127886228589,2015,-0.8076775897758748
2016-07-31,0.023561136097056637,0.06930327730745728,0.04574214121040064,2016,-0.8031462552940701
2016-08-31,-0.00811879468040145,0.012397326121437175,0.020516120801838626,2016,-0.8047444704294058
2016-09-30,0.006073823844673802,0.02269797709040286,0.016624153245729058,2016,-0.8035585227380955
2016-10-31,-0.04528586862057922,-0.06440023945673666,-0.019114370836157437,2016,-0.8124545456690107
2016-11-30,-0.04056289770330551,0.06716502703846383,0.10772792474176934,2016,-0.8200619327477585
2016-12-31,-0.04841944551795451,-0.006600205887944605,0.041819239630009906,2016,-0.8287744341916844
2017-01-31,0.017411992573308055,0.03246264692516548,0.015050654351857422,2016,-0.8257930559114696
2017-02-28,0.014441549407407259,0.025901205141258783,0.011459655733851524,2016,-0.8232772377213016
2017-03-31,0.02412969804080726,0.019169714159077922,-0.004959983881729337,2016,-0.8190129708305792
2017-04-30,0.019575977325368834,0.01479933837968908,-0.004776638945679755,2016,-0.8154699728513728
2017-05-31,0.007124241445919485,-0.013082599955713294,-0.02020684140163278,2016,-0.814155336383944
2017-06-30,0.00900812765073334,0.03461685515473454,0.0256087275040012,2016,-0.812481223930883
2017-07-31,-0.013725653734111175,-0.0014978443302104153,0.012227809403900761,2017,-0.8150550417198519
2017-08-31,0.011084387464556035,-0.006523249440869102,-0.017607636905425137,2017,-0.8130050401426586
2017-09-30,-0.008430357046439435,0.051102846249365036,0.05953320329580447,2017,-0.8145814744201406
2017-10-31,-0.013548394458932947,0.0069413587802224005,0.020489753239155348,2017,-0.8170935977446903
2017-11-30,0.00047844166082128964,0.03355063139503183,0.03307218973421054,2017,-0.8170060877018205
2017-12-31,-0.003399693828251526,0.002310901364731865,0.005710595192983391,2017,-0.8176282109760682
2018-01-31,0.02509780376799231,0.04702957925458831,0.021931775486596,2017,-0.8130510796023278
2018-02-28,0.003520726909033392,-0.03633995318213849,-0.039860680091171885,2017,-0.812392883507669
2018-03-31,-0.016298318090794225,0.0028476867157214225,0.019146004806515647,2017,-0.8154505639683577
2018-04-30,-0.009342859009985643,0.0012677931622210236,0.010610652172206667,2017,-0.8171747833295737
2018-05-31,0.03663694724252085,0.062384148152056965,0.025747200909536118,2017,-0.8104766255118169
2018-06-30,0.015294236232862463,0.014702019286901827,-0.0005922169459606358,2017,-0.8075780102507453
