date,long_return,short_return,long_short_return,long_stocks,short_stocks,cumulative_return
1961-07-31,0.015121813671469968,0.012407401173050137,0.002714412498419831,121,122,0.0027144124984197493
1961-08-31,0.01914941833915862,0.03112092849281931,-0.01197151015366069,121,123,-0.009289593272027052
1961-09-30,-0.030965841520010078,-0.03246508118761433,0.001499239667604249,121,123,-0.007804280931152041
1961-10-31,0.021416628898014996,0.015376589142222319,0.006040039755792677,122,123,-0.0018113793424489044
1961-11-30,0.0519850575257697,0.04157610044240513,0.010408957083364569,122,123,0.008578723171078328
1961-12-31,0.010040263107038552,-0.004623838988670055,0.014664102095708606,122,123,0.023368624539218397
1962-01-31,-0.002600131412054537,-0.04333869554661196,0.040738564134557426,122,123,0.06505919288330309
1962-02-28,0.01325887222901439,0.010191308293952924,0.0030675639350614663,122,123,0.06832633005209754
1962-03-31,-0.007645898854847265,-0.00610970708585404,-0.0015361917689932251,121,123,0.06668517593727286
1962-04-30,-0.07332611407424708,-0.08064603765618157,0.007319923581934493,121,123,0.07449322991111607
1962-05-31,-0.08933014739646368,-0.09680534717203805,0.00747519977557437,122,123,0.08252528146220395
1962-06-30,-0.07265363891377735,-0.10481656043679537,0.032162921523018015,122,123,0.11734245713655578
1962-07-31,0.04713621916417064,0.06359831430130229,-0.01646209513713165,143,144,0.09894865930641727
1962-08-31,0.018138448764471467,0.019846766463320384,-0.001708317698848917,143,144,0.09707130586159773
1962-09-30,-0.06098945270033947,-0.07329133015414392,0.012301877453804448,144,144,0.11056734262439227
1962-10-31,-0.012309490082622235,-0.015123005293553546,0.0028135152109313114,144,144,0.11369194073562938
1962-11-30,0.13197996740222867,0.14673291147184925,-0.014752944069620577,144,144,0.09726170582316951
1962-12-31,-0.013256474842258253,-0.00936314801850454,-0.0038933268237537136,144,144,0.09298970739121026
1963-01-31,0.07886258156809485,0.0696957060748013,0.00916687549329355,144,144,0.10300900795431689
1963-02-28,-0.02044443814610802,-0.02713163492254166,0.006687196776433639,144,143,0.11038504623668643
1963-03-31,0.02729718487642593,0.02054380527890644,0.006753379597519489,144,143,0.11788389795333187
1963-04-30,0.047462567667365986,0.044813570861773885,0.0026489968055921007,144,143,0.12084516882803298
1963-05-31,0.026954153814131184,0.019945613154263016,0.007008540659868168,144,143,0.12870065776718098
1963-06-30,-0.021691365175743212,-0.01222403043221105,-0.009467334743532162,143,143,0.11801487081485429
1963-07-31,-0.009644020651542252,-0.0016664257257324872,-0.007977594925809765,176,175,0.10909580105446182
1963-08-31,0.053674540725066416,0.057931961348520335,-0.004257420623453918,177,175,0.10437391371766647
1963-09-30,-0.017806539645947795,-0.024378545652407133,0.006572006006459338,177,175,0.1116318657119959
1963-10-31,0.02504241989693973,0.023676356575175774,0.0013660633217639565,177,175,0.11315042523104912
1963-11-30,-0.003602838074957813,-0.012654090964127371,0.009051252889169558,177,175,0.12322583123350195
1963-12-31,0.007057562658561958,0.01194903945944013,-0.004891476800878172,165,173,0.11773159813787615
1964-01-31,0.028422911336165514,0.020290949591696895,0.008131961744468619,162,171,0.1268209487345171
1964-02-29,0.030287723243415665,0.016453427225073994,0.013834296018341671,160,171,0.14240972329897916
1964-03-31,0.05502556889190415,0.015691287682261853,0.0393342812096423,159,169,0.1873455886118507
1964-04-30,0.0006909024492767563,-0.005067849992208759,0.0057587524414855155,157,167,0.19418321791915627
1964-05-31,0.023411967483764555,0.008478795974452898,0.014933171509311657,156,167,0.2120161607258848
1964-06-30,0.014644957139463363,0.013494977062850478,0.0011499800766128845,83,117,0.21340995516325223
1964-07-31,0.019131654126591284,0.028856449341400265,-0.009724795214808981,128,158,0.20160979183767913
1964-08-31,-0.0023587497675141523,-0.005534696108643694,0.003175946341129542,125,157,0.20542604005953158
1964-09-30,0.025494628384174333,0.02857111120285252,-0.003076482818678186,121,151,0.2017175675581011
1964-10-31,0.01919956616017435,0.021293003245259116,-0.0020934370850847657,120,149,0.19920184743637703
1964-11-30,-0.009322684371314633,0.011868225075271703,-0.021190909446586338,118,149,0.17378966967917386
1964-12-31,-0.014823027046556867,0.004233411202731168,-0.019056438249288037,118,149,0.1514214193212804
1965-01-31,0.06478350158133737,0.06583978666032407,-0.0010562850789866962,118,149,0.15020519005642563
1965-02-28,0.03649435456133282,0.028409058037085468,0.008085296524247353,121,151,0.15950494008176008
1965-03-31,0.007124848142015601,-0.005511634187489,0.012636482329504602,120,151,0.17415700376807663
1965-04-30,0.053130742090555835,0.029720328955867643,0.023410413134688193,120,152,0.2016445043112749
1965-05-31,-0.0035432374572528375,-0.00393066163961782,0.0003874241823649824,120,152,0.20211005045085106
1965-06-30,-0.0785676295519711,-0.06976443253607552,-0.008803197015895575,119,149,0.19152763884194401
1965-07-31,0.03219267447356389,0.02010836452961325,0.012084309943950638,143,146,0.20592642813649387
1965-08-31,0.04533384418315061,0.042542526507056054,0.002791317676094557,144,146,0.20929255189142082
1965-09-30,0.048435674001041346,0.024011022723193512,0.024424651277847834,143,145,0.23882910076426755
1965-10-31,0.0499273196911064,0.03524701277644517,0.014680306914661226,143,144,0.2570154921783008
1965-11-30,0.03753312417790069,0.018275396115562437,0.01925772806233825,143,144,0.2812227546968169
1965-12-31,0.04365129094343172,0.018992112388482488,0.02465917855494923,143,144,0.31281665537354963
1966-01-31,0.041801597941710844,0.025052410588685445,0.0167491873530254,143,144,0.3348052674945734
1966-02-28,0.031034428761643335,-0.010426124929584113,0.04146055369122745,143,144,0.3901470329548653
1966-03-31,-0.02922511240659286,-0.002088509735010735,-0.027136602671582126,143,144,0.3524231652664904
1966-04-30,0.05574073878454638,0.026592008675757544,0.029148730108788833,144,144,0.3918445831037174
1966-05-31,-0.08681525834109761,-0.05612993468749542,-0.030685323653602194,144,144,0.3491353815956668
1966-06-30,0.005645222872942894,-0.007750873847998258,0.013396096720941152,144,142,0.3672085296571663
1966-07-31,-0.014217983161113983,-0.009747826817825012,-0.004470156343288971,169,167,0.36109689377572063
1966-08-31,-0.10133374871700487,-0.08579288569176279,-0.015540863025242088,169,167,0.3399442733854696
1966-09-30,-0.015742587893267348,-0.00986547732349648,-0.005877110569770867,169,166,0.33206927273345177
1966-10-31,-0.00045423635527142475,0.033160485743826795,-0.03361472209909822,169,166,0.2872921343137689
1966-11-30,0.025749304661753753,0.042010909252822554,-0.0162616045910688,169,166,0.2663586986323654
1966-12-31,0.01993634010828817,0.016862716505494594,0.0030736236027935765,168,165,0.2702510086180847
1967-01-31,0.16727512942354342,0.09713169288058858,0.07014343654295484,167,164,0.3593507796347115
1967-02-28,0.023345278847333235,0.02490448281821219,-0.0015592039708789557,167,164,0.3572312745012878
1967-03-31,0.06401003857610088,0.05084645241860216,0.01316358615749872,167,165,0.37509730531883734
1967-04-30,0.04781030829330048,0.043077225159287455,0.004733083134013022,167,165,0.3816057551822687
1967-05-31,-0.012542700292651157,-0.031091782956359504,0.018549082663708347,166,165,0.40723327454379965
1967-06-30,0.08629396488383598,0.027902253678708775,0.058391711205127206,165,165,0.48940403350920647
1967-07-31,0.09463302742280823,0.0656750406768797,0.028957986745928532,220,220,0.5325341757708988
1967-08-31,0.017930776127490403,-0.012053742653270407,0.029984518780760812,220,220,0.5784864755464592
1967-09-30,0.051020342734967215,0.041442309970345405,0.00957803276462181,220,220,0.5936052707277555
1967-10-31,-0.030764765396909047,-0.028684569239673767,-0.00208019615723528,220,220,0.5902902591674377
1967-11-30,-0.01081355895596485,0.009913437289274997,-0.020726996245239847,220,220,0.5573283189368328
1967-12-31,0.07273449653441712,0.059740646390367504,0.012993850144049614,219,219,0.5775640097381827
1968-01-31,0.03276357539772081,-0.026676990879497573,0.05944056627721839,216,218,0.6713353078155795
1968-02-29,-0.049190973821002335,-0.05078547644392984,0.0015945026229275058,216,218,0.674000256347683
1968-03-31,-0.005119685239116093,-0.00282671246715487,-0.002292972771961223,217,218,0.6701618193396215
1968-04-30,0.12200649798644018,0.13550483968014848,-0.013498341693708296,218,219,0.6476174044183898
1968-05-31,0.07713032131321763,0.06732068501623377,0.009809636296983865,218,219,0.663779931912315
1968-06-30,0.02509890736638724,0.010773281965002377,0.014325625401384863,217,218,0.6876146199672324
1968-07-31,-0.017090502171996765,-0.04317679123780787,0.026086289065811105,381,381,0.7316382227753866
1968-08-31,0.04652362947125402,0.020520773399592348,0.02600285607166167,382,381,0.776665762250403
1968-09-30,0.06685587812680265,0.06825663620683058,-0.0014007580800279307,382,381,0.7741770833284218
1968-10-31,0.013203254772752585,0.0008244541358106256,0.01237880063694196,382,381,0.7961392677375754
1968-11-30,0.07796371552687584,0.07410767355458166,0.0038560419722941802,382,381,0.8030652561420573
1968-12-31,0.0015346290158561348,-0.008009522754906764,0.009544151770762899,382,379,0.8202739845992664
1969-01-31,-0.0019041720241756567,-0.009339139871280499,0.007434967847104842,382,379,0.8338076631476834
1969-02-28,-0.07838294644800319,-0.08763706894013268,0.009254122492129493,382,380,0.8507779438894576
1969-03-31,0.026651872221784837,0.019861375159606346,0.006790497062178491,382,380,0.8633456460801838
1969-04-30,0.007542269957547321,0.01414565437111709,-0.00660338441356977,380,380,0.8510412584837648
1969-05-31,0.0071455332473333005,0.0037649525800768605,0.00338058066725644,380,378,0.8572988527764891
1969-06-30,-0.10938903572449774,-0.10034950211366306,-0.009039533610834677,379,377,0.8405097373714514
1969-07-31,-0.08109018609188484,-0.10245074252857454,0.0213605564366897,422,423,0.8798240494888512
1969-08-31,0.03550155162778922,0.06339940230197492,-0.027897850674185702,423,423,0.8273809988624681
1969-09-30,-0.03144385410722562,-0.013863440771443353,-0.017580413335782266,424,423,0.795254885580511
1969-10-31,0.07781402075286219,0.11197993213122351,-0.03416591137836132,424,422,0.7339183662581972
1969-11-30,-0.05418278686986844,-0.0547566772799509,0.0005738904100824616,424,422,0.7349134453804587
1969-12-31,-0.06290107537866733,-0.06195985776673787,-0.0009412176119294666,425,420,0.7332805142904935
1970-01-31,-0.030334231354155545,-0.060403650477263475,0.03006941912310793,424,418,0.7853992525326103
1970-02-28,0.048694246983362346,0.04050932747004237,0.008184919513319976,424,419,0.8000126017137312
1970-03-31,0.0035080676379824456,-0.046110269011071146,0.049618336649053595,425,420,0.8893262329581022
1970-04-30,-0.11564856851673531,-0.19221832659001134,0.07656975807327603,425,420,1.0339914855371979
1970-05-31,-0.08211682438383142,-0.09488441614633802,0.012767591762506608,425,419,1.059960658472951
1970-06-30,-0.06126252637198296,-0.09459576325437613,0.03333323688239317,421,413,1.1286258150702402
1970-07-31,0.0633217312556957,0.059886547947866894,0.0034351833078288124,472,470,1.1359380349387829
1970-08-31,0.053360184150433275,0.0710543541611297,-0.017694170010696432,473,469,1.0981443842162633
1970-09-30,0.07515390609904964,0.17089105465786253,-0.09573714855881289,473,468,0.8972740236067118
1970-10-31,-0.04441619968713155,-0.07245599059469524,0.028039790907563686,472,468,0.950473190522996
1970-11-30,0.023542362755759758,-0.0031994280711028825,0.02674179082686264,472,468,1.0026323365973653
1970-12-31,0.09643151416414894,0.05928643268958261,0.03714508147456633,471,468,1.0770202779038756
1971-01-31,0.11461996212302433,0.13899214332245638,-0.024372181199432047,471,467,1.0263987633359077
1971-02-28,0.02835547761300986,0.05669365916938784,-0.02833818155637798,472,468,0.9689743072748749
1971-03-31,0.040523166996131794,0.06796934079782076,-0.027446173801688963,470,468,0.9149334962263485
1971-04-30,0.023916883098701713,0.03288264468060114,-0.008965761581899427,470,467,0.8977646590539898
1971-05-31,-0.04661561630581777,-0.05105523318018602,0.004439616874368245,470,467,0.9061900070579059
1971-06-30,-0.0151799414138615,-0.015472445728367956,0.0002925043145064563,469,461,0.9067475758592396
1971-07-31,-0.047995788485178,-0.06676016879051042,0.018764380305332416,531,517,0.9425265125189328
1971-08-31,0.0491054291065462,0.038853201771707285,0.010252227334838916,530,517,0.9624417359292288
1971-09-30,-0.004960147263202348,-0.00341034128521518,-0.0015498059779871678,531,518,0.9594003319954341
1971-10-31,-0.05281791507730457,-0.06724095772530182,0.01442304264799725,531,517,0.9876608465483041
1971-11-30,-0.02981831853123362,-0.0259339273104293,-0.00388439122080432,531,517,0.9799399942060354
1971-12-31,0.1118534530399883,0.1410187737799617,-0.029165320739973397,529,517,0.9221944092291154
1972-01-31,0.09754477589935395,0.10054988257845049,-0.0030051066790965364,528,515,0.916418009971419
1972-02-29,0.02729018121718909,0.05039732946762433,-0.023107148250435243,528,515,0.8721350549052054
1972-03-31,0.00442804214133927,-0.0012567126738721778,0.005684754815211448,528,514,0.8827776836733039
1972-04-30,0.007727741421530375,0.003693005464197969,0.004034735957332405,527,514,0.8903741944932837
1972-05-31,-0.015548402929490009,-0.011938972022429087,-0.0036094309070609214,527,512,0.8835510194497693
1972-06-30,-0.03581092915362966,-0.0321138661135559,-0.003697063040073764,525,507,0.8765874125916684
1972-07-31,-0.023947499808931735,-0.037819603202805835,0.0138721033938741,581,578,0.9026196272067826
1972-08-31,0.024537651412292017,0.006886847302664414,0.017650804109627605,581,576,0.9362023935417421
1972-09-30,-0.033186389986323596,-0.03326809618527741,8.170619895381259e-05,581,573,0.9363605932797234
1972-10-31,-0.010982685466508699,-0.01800885463221411,0.00702616916570541,581,570,0.9499657903739125
1972-11-30,0.058964053240882705,0.042435366117166785,0.01652868712371592,581,571,0.9821961648249524
1972-12-31,-0.02188324401740108,-0.009035490734886546,-0.012847753282514534,579,569,0.956729397541735
1973-01-31,-0.029952230738482636,-0.05971677956462619,0.029764548826143555,578,568,1.0149705652344165
1973-02-28,-0.06588743240607797,-0.07846129660376343,0.012573864197685455,577,566,1.0403065314840072
1973-03-31,-0.0132974819901968,-0.03862012085595969,0.025322638865762893,576,566,1.0919724769562338
1973-04-30,-0.051584045468201764,-0.09300845994946538,0.04142441448126362,575,567,1.1786312119250648
1973-05-31,-0.07553520122317307,-0.07780127175779554,0.0022660705346224663,573,563,1.1835681439202173
1973-06-30,-0.02947105412351895,-0.03570647940879978,0.0062354252852808295,570,557,1.197183619936951
1973-07-31,0.08996492227641821,0.16470086735232614,-0.07473594507590793,618,607,1.0329750255956585
1973-08-31,-0.037025236070459815,-0.05561072547408264,0.018585489403622826,615,606,1.0707588613916963
1973-09-30,0.07361799275979045,0.09583585021236292,-0.022217857452572473,614,605,1.0247510361906444
1973-10-31,0.009648769368326836,-0.01821806947886159,0.027866838847188425,616,604,1.0811744470218465
1973-11-30,-0.16488469346051837,-0.20409569901599944,0.03921100555548107,615,602,1.1627793898259453
1973-12-31,-0.020380475109728066,-0.04115076696908083,0.020770291859352762,614,601,1.2077009489800234
1974-01-31,0.14495525594640116,0.1236901086822271,0.021265147264174056,610,598,1.2546480347753404
1974-02-28,0.011913734546449334,-0.00944585170508051,0.021359586251529845,608,594,1.3028063839409665
1974-03-31,0.003930458377884963,0.0017523938569345846,0.0021780645209503787,607,593,1.3078220448244462
1974-04-30,-0.04727581894605498,-0.061745152722897434,0.014469333776842452,604,592,1.3412146922885664
1974-05-31,-0.07539505600321553,-0.06758658068674835,-0.007808475316467181,602,591,1.3229333751532808
1974-06-30,-0.02224687965233077,-0.03010789887560561,0.00786101922327484,601,586,1.3411939990697475
1974-07-31,-0.03540188797109534,-0.07146112918152255,0.0360592412104272,925,919,1.4256156782026084
1974-08-31,-0.06840991879171752,-0.09857536279425778,0.03016544400254026,916,917,1.4987854521151127
1974-09-30,-0.07119837747512647,-0.11305500775649029,0.04185663028136381,911,907,1.6033761909367459
1974-10-31,0.08627754712307266,0.13950319706601658,-0.05322564994294392,909,904,1.464809801128152
1974-11-30,-0.04547425526621158,-0.05751957963729209,0.01204532437108051,910,904,1.494499234695759
1974-12-31,-0.07179036040927197,-0.07073602064106635,-0.0010543397682056255,907,899,1.4918691849508607
1975-01-31,0.29760619428921964,0.3018804837341225,-0.004274289444902879,905,897,1.4812182147955468
1975-02-28,0.036604851983806,0.07913342998693433,-0.04252857800312833,905,894,1.3756955324048317
1975-03-31,0.08222842084009518,0.09884214252523864,-0.016613721685143454,904,895,1.3362263880208194
1975-04-30,0.02409911193744639,0.05644989373076669,-0.0323507817933203,904,892,1.260647637922161
1975-05-31,0.07367204548533438,0.07844288877785935,-0.004770843292524973,902,893,1.2498624423020175
1975-06-30,0.08858075080731738,0.07550728103420186,0.01307346977311552,893,883,1.2792759509351206
1975-07-31,-0.0149442977661653,-0.015742186571694215,0.0007978888055289145,1026,1006,1.2810945597010828
1975-08-31,-0.04250684549460506,-0.057685546604113895,0.015178701109508835,1023,1005,1.3157186122253122
1975-09-30,-0.031561449209785646,-0.03813414704280549,0.006572697833019843,1022,996,1.3309391309297691
1975-10-31,0.029657839108450598,0.021835716129706834,0.007822122978743764,1019,992,1.349172023467868
1975-11-30,0.029026882772208436,0.023726748855323037,0.0053001339168853995,1018,990,1.3616229497860481
1975-12-31,-0.002310427249529933,-0.005923626597633836,0.003613199348103903,1013,983,1.3701559642886822
1976-01-31,0.1904084835900827,0.20118195881272674,-0.010773475222644047,999,962,1.344621147733616
1976-02-29,0.0889221751725459,0.10680789227774676,-0.017885717105200857,997,962,1.3026859171663814
1976-03-31,0.014125142697725804,0.02323980612578352,-0.009114663428057716,994,979,1.2816977100508815
1976-04-30,-0.007643757984691997,-0.01429714158591022,0.006653383601218223,990,975,1.296878720177871
1976-05-31,-0.019339784264345888,-0.02790119490193729,0.008561410637591402,998,978,1.316543242086059
1976-06-30,0.03597537819556257,0.032908984990064054,0.0030663932054985146,989,969,1.3236466745438356
1976-07-31,-0.0031932678421575447,-0.0039923933554279045,0.0007991255132703597,1031,1021,1.3255035598852896
1976-08-31,-0.012889266596779778,-0.02972020998959121,0.01683094339281143,985,923,1.3646439786615
1976-09-30,0.025570201565129815,0.014425465200068877,0.011144736365060939,981,919,1.390997312400911
1976-10-31,-0.02278999897138958,-0.030495402367509434,0.007705403396119855,1017,1005,1.4094209112119986
1976-11-30,0.027626289417974716,0.0234673630107281,0.004158926407246615,1016,1000,1.4194415154658104
1976-12-31,0.09460890686418075,0.10617328628153254,-0.011564379417351792,1008,1004,1.3914621758028711
1977-01-31,0.02363356061847201,0.038273053454826206,-0.014639492836354195,1000,983,1.356452382411793
1977-02-28,-0.00812809481452127,0.0028724044501176535,-0.011000499264638924,995,978,1.3305302297119153
1977-03-31,0.010040311153209205,0.00669807937855168,0.003342231774657526,998,989,1.3383194018974582
1977-04-30,0.013204204418370539,0.019578786068921637,-0.006374581650551098,1000,983,1.3234135939449954
1977-05-31,0.002357975043189936,0.002103332223856098,0.000254642819333838,998,977,1.3240052345330358
1977-06-30,0.05960645340102,0.06084467792362338,-0.0012382245226033803,994,971,1.3211275942609784
1977-07-31,0.00229218692029146,0.0056793043227991915,-0.0033871174025077314,1029,1012,1.313265662593016
1977-08-31,-0.015714604874044632,-0.008841746366593775,-0.006872858507450856,1028,1007,1.2973669150038694
1977-09-30,0.011090157637626179,0.00800029969522603,0.003089857942400149,1025,1001,1.3044654524128014
1977-10-31,-0.02323731917339347,-0.032167066385193066,0.008929747211799597,1019,995,1.3250437463611728
1977-11-30,0.0698273377384626,0.08132545082277182,-0.011498113084309217,1018,993,1.2983101304395461
1977-12-31,0.0161611621397446,0.018306181266928158,-0.002145019127183557,1014,990,1.2933802112495534
1978-01-31,-0.028515284155666995,-0.013404167810619295,-0.0151111163450477,1005,985,1.2587246760539315
1978-02-28,0.02253341742340935,0.024043352913312773,-0.0015099354899034238,1004,983,1.2553141475036371
1978-03-31,0.06468195357553005,0.08160714431286883,-0.01692519073733878,1001,980,1.2171425253845194
1978-04-30,0.07564752005784829,0.09907105675569305,-0.023423536697844763,998,973,1.1652092060768227
1978-05-31,0.06623925972854026,0.06955789879804104,-0.0033186390695007784,989,967,1.1580236582118935
1978-06-30,0.00419076872817375,0.00876765031958675,-0.004576881591413,978,945,1.1481466394567899
1978-07-31,0.056010881241942645,0.05831951481162736,-0.0023086335696847135,1015,1001,1.1431873560123345
1978-08-31,0.0824757027665502,0.09593519298074489,-0.013459490214194694,1006,992,1.1143411467669009
1978-09-30,-0.0073650808110046154,0.0016546828274044796,-0.009019763638409095,1003,986,1.0952702893721007
1978-10-31,-0.17661863857527693,-0.20801459917850734,0.03139596060323041,999,984,1.1610533128303464
1978-11-30,0.0486145231145563,0.060651178153655706,-0.012036655039099405,995,981,1.1350414595827045
1978-12-31,0.013253422775146826,0.008692957044839297,0.004560465730307529,991,973,1.1447782429919173
1979-01-31,0.09084624245949524,0.10353671018418341,-0.012690467724688168,984,965,1.1175600039226148
1979-02-28,-0.02123767737184256,-0.027012570103098286,0.005774892731255726,978,959,1.1297886857972652
1979-03-31,0.07596963418999424,0.09381601262546217,-0.017846378435467936,979,955,1.0917796709229495
1979-04-30,0.026990252880383585,0.026707143506558093,0.00028310937382549153,977,952,1.0923718733557655
1979-05-31,-0.008523679668637898,-0.010950139111844314,0.0024264594432064166,971,949,1.097448928846569
1979-06-30,0.05317317295119198,0.05642237055211263,-0.003249197600920656,964,936,1.0906339028189072
1979-07-31,0.025994144548235034,0.01796379353175854,0.008030351016476495,991,982,1.1074224269054893
1979-08-31,0.07253532681122091,0.08284658126831256,-0.010311254457091648,984,980,1.085692258013085
1979-09-30,-0.006357364615909678,0.0012228567882377611,-0.007580221404147439,976,975,1.0698822489164295
1979-10-31,-0.09704878835020499,-0.10259599828941751,0.005547209939212525,974,972,1.0813643203006182
1979-11-30,0.06346973995591876,0.07350667960260206,-0.010036939646683299,974,966,1.0604737922350012
1979-12-31,0.04935314134261622,0.07196459284811851,-0.02261145150550229,956,952,1.013883489003521
1980-01-31,0.08171721307472196,0.10958015667181537,-0.027862943597093404,944,942,0.9577707669382982
1980-02-29,-0.028304279426433168,-0.012036086045174312,-0.016268193381258858,939,931,0.9259213735055705
1980-03-31,-0.13716529532402894,-0.17356296074578673,0.03639766542175779,931,925,0.9960204152870382
1980-04-30,0.06437217220706733,0.04906821459521496,0.015303957611852367,928,914,1.026567427114983
1980-05-31,0.07595135296469116,0.07366322431196767,0.0022881286527234868,924,909,1.0312044741116408
1980-06-30,0.04073128014328869,0.042876523860809555,-0.002145243717520867,912,898,1.0268470454745526
1980-07-31,0.08162230823894778,0.10393961448933256,-0.022317306250384777,979,978,0.9816132792380095
1980-08-31,0.05420001414680366,0.08223129403519404,-0.02803127988839038,974,973,0.9260661227771376
1980-09-30,0.02957146992727896,0.05181392849855096,-0.022242458571271998,972,965,0.8832256768357365
1980-10-31,0.028043238714911725,0.03640017708393972,-0.008356938369027997,975,962,0.8674876759194492
1980-11-30,0.049848561722557395,0.07496786268213844,-0.025119300959581044,971,957,0.82057769094972
1980-12-31,-0.022738770296647757,-0.0352901686609225,0.012551398364274744,970,953,0.8434284868019413
1981-01-31,0.005071845816600923,0.0005729923610698696,0.0044988534555310536,970,947,0.8517218014198145
1981-02-28,0.010060671629200154,0.002377753548917261,0.007682918080282894,968,948,0.8659484283275967
1981-03-31,0.08002623329351405,0.08362261442098415,-0.0035963811274700996,966,951,0.859237766615127
1981-04-30,0.024798388319331302,0.034262975565849986,-0.009464587246518684,966,948,0.8416408485609757
1981-05-31,0.02606348699960012,0.03595846913334097,-0.009894982133740848,961,945,0.8234178452676975
1981-06-30,0.01667998656945298,-0.014623989232048945,0.031303975801501925,954,935,0.8804980733719843
1981-07-31,-0.023528033194041106,-0.02428030252939155,0.0007522693353504452,1067,1052,0.8819127144077679
1981-08-31,-0.06328542257462548,-0.08921787864228968,0.0259324560676642,1060,1047,0.9307153331973259
1981-09-30,-0.06693315780245743,-0.10196745122047528,0.03503429341801785,1055,1041,0.9983565806872272
1981-10-31,0.06852149244112418,0.07972851670341276,-0.011207024262288576,1050,1036,0.9759609500027613
1981-11-30,0.0394074084130113,-0.007846111057208092,0.047253519470219385,1046,1030,1.0693320592261095
1981-12-31,-0.011200522681077183,-0.030874273011049294,0.01967375032997211,1039,1021,1.1100435815091312
1982-01-31,-0.01667099652159172,-0.01898431441164979,0.0023133178900580677,1033,1016,1.1149247830750384
1982-02-28,-0.028284585597652918,-0.05946815024931245,0.031183564651659532,1030,1014,1.180875676781456
1982-03-31,-0.0024131104947484544,-0.01564444796353083,0.013231337468782377,1027,1003,1.209731578838411
1982-04-30,0.0480068905513019,0.056513988697213184,-0.00850709814591128,1024,994,1.190933175421113
1982-05-31,-0.021179554461342443,-0.025537987879236855,0.004358433417894412,1021,994,1.2004822117892417
1982-06-30,-0.023032864600772425,-0.039562030402977316,0.01652916580220489,1012,970,1.2368543471127085
1982-07-31,-0.008186990291502855,-0.02861532941027881,0.020428339118775955,1107,1079,1.2825495662748354
1982-08-31,0.07503455132220604,0.062228213503803774,0.01280633781840227,1107,1072,1.3117806671077985
1982-09-30,0.040771608139068785,0.009090824509166623,0.03168078362990216,1100,1066,1.3850196902222316
1982-10-31,0.11770894169993744,0.15374407105041693,-0.03603512935047949,1095,1056,1.299075197181633
1982-11-30,0.10151115274379918,0.07742581140794005,0.02408534133585913,1092,1042,1.3544492080625599
1982-12-31,0.020081375622702267,0.01744768648896264,0.002633689133739625,1087,1035,1.3606500953577765
1983-01-31,0.0690998425988796,0.1663268402445905,-0.0972269976457109,1073,1031,1.131131174094079
1983-02-28,0.06632834399989312,0.020335292699839008,0.045993051300054114,1068,1018,1.2291483995113328
1983-03-31,0.06027823082562867,0.043640141741135695,0.016638089084492977,1066,1012,1.2662371691649574
1983-04-30,0.07351624883405648,0.07855436711721711,-0.005038118283160628,1063,1009,1.2548195982490093
1983-05-31,0.07195557375118947,0.11420513180276394,-0.04224955805157447,1060,1001,1.1595544667369602
1983-06-30,0.03328703774540588,0.05854431508247128,-0.025257277337065398,1051,981,1.1050100006460863
1983-07-31,-0.009663109429567104,-0.03249613454387605,0.022833025114308948,1186,1141,1.1530737468567098
1983-08-31,-0.024158030558582157,-0.03966583979616226,0.015507809237580106,1178,1132,1.1864632037974054
1983-09-30,0.020312002284601297,-0.02274458720373233,0.04305658948833363,1171,1124,1.2806048523946574
1983-10-31,-0.034612491863704416,-0.08113824415602489,0.04652575229232047,1167,1115,1.3867117088338352
1983-11-30,0.03438457182869862,0.02945432747283247,0.004930244355866149,1163,1110,1.3984787807653927
1983-12-31,-0.013147464702408847,-0.03074397810748545,0.017596513405076602,1159,1093,1.4406836447829225
1984-01-31,0.00607868221031034,0.0013941670890983387,0.004684515121212001,1155,1085,1.4521170642230032
1984-02-29,-0.050748946816694195,-0.06343963525370672,0.012690688437012522,1145,1080,1.4832361178961393
1984-03-31,0.014531923314439634,0.0030885762819536705,0.011443347032485965,1136,1068,1.5116526505568282
1984-04-30,-0.008471331163754207,-0.03329918895282746,0.024827857789073256,1132,1060,1.5740116053804019
1984-05-31,-0.04582924997316407,-0.053125353451407786,0.007296103478243714,1126,1054,1.5927918604074573
1984-06-30,0.021288050516934297,0.017056623382478032,0.004231427134456265,1107,1025,1.6037630702395829
1984-07-31,-0.03260497739925138,-0.06670194769795623,0.03409697029870485,1179,1155,1.6925435023104063
1984-08-31,0.08844480980022187,0.10582213248062278,-0.017377322680400903,1171,1147,1.6457543050397416
1984-09-30,0.014831514476919373,-0.026224496997045255,0.04105601147396463,1164,1126,1.7543784241447447
1984-10-31,-0.01214265757366716,-0.03982390435666997,0.02768124678300281,1151,1115,1.8306230530372738
1984-11-30,-0.015577388232985063,-0.057734290846304534,0.042156902613319475,1140,1099,1.949953353419183
1984-12-31,0.007298205064580993,0.005976963342149263,0.0013212417224317298,1132,1086,1.953850954868948
1985-01-31,0.09294397618537913,0.142142651686561,-0.049198675501181885,1120,1079,1.8085254002614946
1985-02-28,0.03870327309007156,0.050712476048859215,-0.012009202958787657,1114,1073,1.7747972487148438
1985-03-31,0.001745613966653787,-0.023363345234562502,0.02510895920121629,1106,1068,1.844469519624472
1985-04-30,0.00011075752426987732,-0.029321998034575452,0.02943275555884533,1100,1066,1.9281900956901654
1985-05-31,0.04103024426509663,0.026827533672762374,0.014202710592334258,1090,1056,1.9697783321785929
1985-06-30,0.008602107203944555,-0.001200798142674386,0.00980290534661894,1069,1032,1.9988907880693794
1985-07-31,0.011544235605916175,0.01767356505594879,-0.006129329450032615,1268,1209,1.980509598444634
1985-08-31,0.003670970009276835,-0.014653412653338261,0.018324382662615095,1260,1194,2.035125596856131
1985-09-30,-0.04221091393643767,-0.07647693309358222,0.03426601915714455,1256,1181,2.139127268702343
1985-10-31,0.02841824333724083,0.015850176160818352,0.012568067176422476,1248,1169,2.1785800310907337
1985-11-30,0.05693501365014329,0.05352703874204551,0.0034079749080977856,1236,1161,2.1894125520800714
1985-12-31,0.028868476352913886,0.03195147629693123,-0.003082999944017343,1225,1136,2.17957959336056
1986-01-31,0.0243604813762388,0.042053493011861905,-0.017693011635623104,1216,1125,2.123323254618842
1986-02-28,0.05920802762947206,0.060157637282076556,-0.0009496096526044953,1206,1107,2.120357316708052
1986-03-31,0.05338131661505211,0.04485271847987014,0.008528598135181968,1196,1091,2.1469695903004298
1986-04-30,0.005264722829266016,0.024232350653276485,-0.01896762782401047,1187,1088,2.087279042338132
1986-05-31,0.037565057794702525,0.03576252654424945,0.001802531250453078,1181,1074,2.0928439592908155
1986-06-30,0.01971774820420787,-0.009026134235128297,0.028743882439336167,1164,1034,2.1817443024598817
1986-07-31,-0.05160275834145586,-0.09862096777340748,0.04701820943195162,1259,1164,2.3313442224318592
1986-08-31,0.04165842441962453,0.014051545093550248,0.02760687932607428,1260,1153,2.42331224037415
1986-09-30,-0.05206414702892213,-0.07432359781716535,0.022259450788243228,1252,1137,2.499513290721549
1986-10-31,0.028191619308302326,0.02940272413072999,-0.0012111048224276652,1237,1130,2.4952750132990063
1986-11-30,0.0006974535805911648,-0.008966658646262943,0.009664112226854107,1225,1111,2.529053743291247
1986-12-31,-0.027087163397870883,-0.04422318935925281,0.017136025961381928,1201,1082,2.589527699855398
1987-01-31,0.11842482420988587,0.12008642977454032,-0.0016616055646544448,1190,1073,2.583563320654837
1987-02-28,0.05791949272684013,0.0968643576388046,-0.03894486491196447,1182,1067,2.4440019312284638
1987-03-31,0.03079557252735708,0.0241755854914223,0.006619987035934777,1174,1052,2.4668011793649303
1987-04-30,-0.011956653447204157,-0.02400932229807128,0.012052668850867122,1168,1051,2.508585385951611
1987-05-31,0.005887843707114239,0.01197170481836402,-0.006083861111249781,1161,1041,2.487239639766521
1987-06-30,0.0334980849765529,0.018757476234588948,0.014740608741963951,1136,1013,2.5386436748857863
1987-07-31,0.05302610793245904,0.020521634998619958,0.03250447293383908,1227,1187,2.6536654224386123
1987-08-31,0.023559457113205427,0.008000841172575296,0.01555861594063013,1220,1176,2.710511399521895
1987-09-30,-0.008049257668906538,-0.02419725783810175,0.016148000169195213,1215,1152,2.770428738229175
1987-10-31,-0.2522833016169051,-0.3130370327344592,0.06075373111755411,1209,1140,2.9994963519894493
1987-11-30,-0.0312703584479632,-0.07526510647103045,0.04399474802306725,1199,1124,3.175453186214402
1987-12-31,0.038519939107033,0.03811777171685908,0.0004021673901739159,1190,1114,3.1771324173250957
1988-01-31,0.06753793801837167,0.0890402599604089,-0.02150232194203723,1184,1106,3.0873143712932514
1988-02-29,0.06568281252934566,0.07122043309619203,-0.0055376205668463685,1174,1089,3.064680375167611
1988-03-31,0.03838297762550378,0.027260791565501152,0.011122186060002627,1161,1073,3.1098885065746664
1988-04-30,0.020093813875854,0.010781786655230803,0.009312027220623196,1151,1068,3.148159900221617
1988-05-31,-0.005916494680401358,-0.029538012244165336,0.023621517563763978,1133,1055,3.2461457321620033
1988-06-30,0.05859034621386825,0.054366282183405334,0.0042240640304629165,1117,1021,3.2640817236173323
1988-07-31,0.0008378645208315196,-0.007779021941807188,0.008616886462638708,1257,1204,3.300824831697156
1988-08-31,-0.021370599860118807,-0.03638157679565834,0.01501097693553953,1251,1187,3.365384414049558
1988-09-30,0.024622293545539794,0.0248132959041132,-0.00019100235857340622,1240,1169,3.364550615330395
1988-10-31,-2.1517940170162663e-05,-0.024996190888716564,0.0249746729485464,1230,1157,3.473553839515649
1988-11-30,-0.03189203368848221,-0.0517340622383326,0.019842028549850392,1221,1144,3.562318222518611
1988-12-31,0.030050587647850607,0.02627308483245899,0.0037775028153916174,1200,1114,3.579552392448888
1989-01-31,0.062432014595243536,0.0766552164429883,-0.014223201847744761,1189,1108,3.5144164943987652
1989-02-28,0.005128686938639296,0.003565290850391634,0.001563396088247662,1178,1101,3.521474315486829
1989-03-31,0.030920278371435485,0.013121446181179245,0.017798832190256242,1174,1093,3.6019512780807332
1989-04-30,0.0343051503268409,0.03031278404511426,0.003992366281726643,1169,1091,3.620323953193492
1989-05-31,0.033943214947273946,0.034834175343409074,-0.0008909603961351278,1155,1084,3.6162074275338822
1989-06-30,-0.003936995767058465,-0.021614184044567164,0.0176771882775087,1136,1044,3.6978089953584323
1989-07-31,0.030244680404312836,0.024553748935818336,0.0056909314684945,1281,1227,3.7245439044030944
1989-08-31,0.017541893878628468,0.019531360572811473,-0.001989466694183005,1272,1211,3.7151445816600788
1989-09-30,-0.003770322242015467,0.015004437682403927,-0.018774759924419394,1264,1187,3.626618874130484
1989-10-31,-0.05058162563651053,-0.03638697794695313,-0.014194647689557402,1254,1173,3.560945649218345
1989-11-30,-0.011530781843880962,-0.0019527807478137635,-0.009578001096067199,1245,1164,3.517260906791029
1989-12-31,-0.0088730210103134,-0.00725503862681633,-0.0016179823834970696,1235,1135,3.509952058222181
1990-01-31,-0.049075051840244126,-0.06294465936602385,0.013869607525779724,1228,1121,3.572503323229806
1990-02-28,0.01891231933241525,0.02761222092271094,-0.00869990159029569,1221,1115,3.5327229942964067
1990-03-31,0.028594884371281545,0.0424444788710982,-0.013849594499816657,1213,1099,3.4699466188454062
1990-04-30,-0.029048160466248005,-0.020938159770060444,-0.008110000696187562,1203,1090,3.4336953486546484
1990-05-31,0.04396495595039164,0.07797865747556916,-0.03401370152517752,1192,1081,3.2828889584119407
1990-06-30,0.0017880962938360686,0.010511993381741231,-0.008723897087905164,1167,1037,3.2455254758998295
1990-07-31,-0.026365004037165053,-0.04120240387012012,0.014837399832955067,1271,1176,3.3085180348867524
1990-08-31,-0.09776454584159226,-0.13027330974389376,0.032508763902301493,1257,1168,3.4485826304516936
1990-09-30,-0.07262558037823046,-0.08469453443087656,0.012068954052646103,1249,1155,3.502272369818015
1990-10-31,-0.051536343450364536,-0.052299276025007065,0.0007629325746425289,1245,1143,3.5057073000688623
1990-11-30,0.035312300079320035,0.047170861707077835,-0.0118585616277578,1242,1137,3.4522760923743574
1990-12-31,0.002969047812287052,0.01115681701186909,-0.008187769199582038,1233,1109,3.4158218833171787
1991-01-31,0.08084095990726983,0.10115651813807242,-0.020315558230802583,1228,1103,3.3261119967097965
1991-02-28,0.12505273238662845,0.1405732885591742,-0.015520556172545746,1224,1093,3.2589683324561376
1991-03-31,0.06520032538016003,0.0909332922440726,-0.025732966863912562,1213,1083,3.1493724414825905
1991-04-30,0.03564019400110342,0.030911802520935082,0.004728391480168341,1205,1077,3.1689922987829418
1991-05-31,0.03511224380057449,0.03734375853045483,-0.0022315147298803406,1202,1069,3.1596891310594497
1991-06-30,-0.02910336489148763,-0.04098010581198232,0.011876740920494688,1189,1039,3.2090926811788405
1991-07-31,0.03372761335649564,0.03790413725865388,-0.004176523902158238,1257,1169,3.1915133049894973
1991-08-31,0.032766418476563794,0.033669535845518184,-0.0009031173689543898,1249,1162,3.1877278765215573
1991-09-30,-3.6910734487323816e-05,0.017326477301924537,-0.01736338803641186,1243,1157,3.1150147324106143
1991-10-31,0.028420925565265712,0.03828607907724273,-0.009865153511977014,1237,1145,3.0744194803713363
1991-11-30,-0.01724978923559571,-0.022704842679528138,0.005455053443932427,1227,1136,3.096645656389761
1991-12-31,0.03170168991915728,0.04955531477844557,-0.017853624859288285,1220,1112,3.0235056816591452
1992-01-31,0.13948970877668057,0.14616536891470822,-0.006675660138027645,1214,1100,2.9966461251649656
1992-02-29,0.06144849247095666,0.03862916548085879,0.022819326990097873,1210,1091,3.0878468999588122
1992-03-31,0.004667653101342291,-0.032307390499024674,0.036975043600366964,1199,1083,3.238995217316414
1992-04-30,-0.02461749116150325,-0.05033784105494324,0.02572034989343999,1191,1076,3.3480236575024103
1992-05-31,0.018021576292798415,-0.0015874896152774304,0.019609065908075846,1180,1056,3.433284339972248
1992-06-30,-0.03448994997270957,-0.05639655267671648,0.021906602704006906,1157,1013,3.5304025386819156
1992-07-31,0.02510072880780268,0.023228902343551367,0.0018718264642513145,1240,1147,3.538882666047531
1992-08-31,-0.0267648362689968,-0.030086686265233593,0.0033218499962367927,1230,1135,3.5539601534146605
1992-09-30,0.015709494182531935,0.009568708756153853,0.0061407854263780814,1226,1122,3.581925045557055
1992-10-31,0.01988609444856592,0.022258084322510654,-0.002371989873944734,1219,1111,3.57105676574582
1992-11-30,0.07174906960114291,0.07355454423493736,-0.0018054746337944488,1216,1107,3.5628038387056318
1992-12-31,0.04743508546969039,0.028162960193352186,0.019272125276338207,1212,1097,3.6507387658965236
1993-01-31,0.06276798097804653,0.059435475634425444,0.0033325053436210894,1208,1087,3.6662373776856594
1993-02-28,0.006836992780109099,-0.029744642721783454,0.036581635501892557,1206,1086,3.836935972601464
1993-03-31,0.031440399015894745,0.019878617438831268,0.011561781577063477,1197,1074,3.8928595698189232
1993-04-30,-0.011282557001046634,-0.026432029186175262,0.015149472185128628,1193,1071,3.966983809777635
1993-05-31,0.03346517580286225,0.05344571344466959,-0.019980537641807343,1188,1065,3.8677408028001254
1993-06-30,0.014978181468817155,0.012625323132809809,0.0023528583360073463,1166,1038,3.879193907325517
1993-07-31,0.03261240798314123,-0.00905154482281815,0.04166395280595938,1272,1220,4.082480412011452
1993-08-31,0.032560378121550104,0.0325665612281924,-6.183106642299041e-06,1268,1216,4.082448986493057
1993-09-30,0.03443793280823776,0.02550721075545643,0.00893072205278133,1265,1210,4.127838925738867
1993-10-31,0.03066273359361988,0.05590487449200781,-0.02524214089838793,1265,1205,3.9984012930711277
1993-11-30,-0.01831297907418426,-0.029076108068458468,0.010763128994274208,1262,1197,4.0521997309536
1993-12-31,0.009764150325752745,0.005223222438971705,0.00454092788678104,1252,1179,4.0751414056014745
1994-01-31,0.05871218198704796,0.04953058157113241,0.00918160041591555,1247,1175,4.1217393260419755
1994-02-28,0.004733517705643917,-0.010796658023248334,0.015530175728892252,1239,1161,4.201280837812985
1994-03-31,-0.03104323404735487,-0.06352533795711553,0.032482103909760654,1233,1153,4.370229382450673
1994-04-30,0.006001782792363472,-0.02935554852000681,0.03535733131237028,1225,1148,4.5601063619494075
1994-05-31,0.0025777669156396756,-0.01006318913741597,0.012640956053055645,1222,1139,4.630391422121125
1994-06-30,-0.02042975214052342,-0.04761193028927089,0.027182178148747467,1203,1101,4.7834377248044015
1994-07-31,0.019610519369590684,0.01610056705887276,0.003509952310717924,1358,1313,4.803737315410471
1994-08-31,0.038065249746756666,0.052740174281029145,-0.01467492453427248,1351,1303,4.7185679082900815
1994-09-30,0.013808265913597203,0.003417417456726079,0.010390848456871124,1340,1290,4.77798868081545
1994-10-31,0.002551331324278714,-0.00036442615670258043,0.0029157574809812944,1333,1281,4.794835894536563
1994-11-30,-0.03394314448636674,-0.03577105022753215,0.0018279057411654115,1327,1273,4.805428308337298
1994-12-31,-0.006656933012543661,-0.023625744494345572,0.01696881148180191,1315,1254,4.903939526872589
1995-01-31,0.02948285684899074,0.03548351855861461,-0.006000661709623871,1304,1243,4.86851198301775
1995-02-28,0.03447593989193571,0.03397853061555831,0.0004974092763773974,1299,1233,4.871431035316634
1995-03-31,0.01871102986008678,0.023315935052043556,-0.004604905191956776,1283,1225,4.844393652057889
1995-04-30,0.033063181122879724,0.015713269868894087,0.017349911253985637,1276,1216,4.945793363254451
1995-05-31,0.020048326004101825,0.022778199422816905,-0.0027298734187150807,1266,1205,4.92956209999893
1995-06-30,0.04058851436486192,0.07398703779941075,-0.033398523434548834,1251,1177,4.731523481245503
1995-07-31,0.050218176167276495,0.06826633535320749,-0.018048159185930994,1579,1528,4.628080033078083
1995-08-31,0.04438491441426337,0.031784873716304785,0.012600040697958587,1566,1519,4.6989940705462345
1995-09-30,0.028857753622917214,0.027598841402874878,0.001258912220042336,1559,1504,4.706168603823595
1995-10-31,-0.025971041559213648,-0.0635712724948775,0.03760023093566385,1550,1489,4.9207218610851955
1995-11-30,0.01725640810703077,0.022972592301269832,-0.0057161841942390615,1539,1483,4.8868779243643745
1995-12-31,0.016032578398688404,0.0004123610454315381,0.015620217353256865,1518,1454,4.978832237075036
1996-01-31,0.023109202927846892,0.035178230910342334,-0.012069027982495442,1498,1438,4.906673543503131
1996-02-29,0.02581929549322551,0.04536429713740517,-0.019545001644179657,1485,1436,4.79122759938373
1996-03-31,0.0263341156739913,0.033774241943119766,-0.007440126269128468,1471,1423,4.748140134791053
1996-04-30,0.0491761654792604,0.06807903930986602,-0.018902873830605613,1454,1416,4.639483767062457
1996-05-31,0.06530181874984053,0.07785551812826692,-0.012553699378426389,1449,1401,4.568687383201239
1996-06-30,-0.011516443865729569,-0.05089466054119013,0.039378216675460556,1430,1344,4.787972361574841
1996-07-31,-0.05152283939706427,-0.11040559124676246,0.058882751849698184,1635,1571,5.128784101854364
1996-08-31,0.04322006069896529,0.04587925715299081,-0.002659196454025514,1627,1560,5.112486460903225
1996-09-30,0.028180429928691377,0.03731122489269819,-0.009130794964006813,1614,1543,5.056674600308449
1996-10-31,0.011715869295409718,-0.04173134165301489,0.05344721094842461,1600,1539,5.3803869653171
1996-11-30,0.04580720260519956,0.021964357673465686,0.023842844931733876,1587,1531,5.532513542335611
1996-12-31,0.009500856301739215,-0.018569350326540997,0.028070206628280213,1565,1510,5.71588254727101
1997-01-31,0.05423713146095048,0.07938827416499197,-0.025151142704041493,1551,1497,5.546970426941016
1997-02-28,0.015159265282961925,-0.0347647476894277,0.049924012972389624,1542,1483,5.873821463465471
1997-03-31,-0.023620675554516017,-0.07605288304571012,0.0524322074911941,1519,1463,6.234231096695315
1997-04-30,-0.011586078744295177,-0.02491960238063906,0.013333523636343884,1509,1458,6.330688888013876
1997-05-31,0.07232751669180293,0.11738359177199001,-0.04505607508018708,1498,1445,6.0003968190860295
1997-06-30,0.05808506463135122,0.03292336259547816,0.025161702035873063,1475,1379,6.176538717980745
1997-07-31,0.05793132316304342,0.04290896098196817,0.01502236218107525,1689,1591,6.284347281808761
1997-08-31,0.033553381026771426,0.032669932594128044,0.0008834484326433814,1672,1572,6.290782626997705
1997-09-30,0.08374305153892249,0.08540802314184855,-0.0016649716029260575,1656,1558,6.278643680960648
1997-10-31,0.004413748744087641,-0.04287125073573413,0.047284999479821774,1640,1540,6.622814343628679
1997-11-30,0.00670396080823128,-0.035235988825076725,0.04193994963330801,1628,1524,6.9425147932645235
1997-12-31,0.013647865757501567,-0.058300208893609096,0.07194807465111067,1598,1480,7.513963440527871
1998-01-31,-0.006726570221440788,0.026066741329622386,-0.03279331155106317,1583,1471,7.234762384888279
1998-02-28,0.05905709397907273,0.06805123964813564,-0.008994145669062911,1573,1455,7.160697732448474
1998-03-31,0.053016056209739204,0.040153768250513415,0.012862287959225789,1544,1442,7.265662976631427
1998-04-30,0.03054059783664108,0.025686835595946117,0.0048537622406949615,1526,1436,7.3057825394817115
1998-05-31,-0.023811352204175667,-0.06163337530747315,0.03782202310329748,1515,1423,7.619924038580955
1998-06-30,-0.01840131132894064,-0.026462558126296873,0.008061246797356234,1477,1343,7.689411373630419
1998-07-31,-0.04251545485269325,-0.06856191296987522,0.026046458117181974,1695,1618,7.9157397630366475
1998-08-31,-0.16122115355338484,-0.22776412849587033,0.06654297494248548,1669,1603,8.509019610682117
1998-09-30,0.02337006312658548,0.07042237227835313,-0.04705230915176765,1654,1574,8.061598280230081
1998-10-31,0.015615215953173521,0.05696500196019647,-0.04134978600702295,1631,1546,7.68690313046096
1998-11-30,0.06273783120795812,0.08643780341706962,-0.023699972209111506,1613,1530,7.481023767685793
1998-12-31,0.013461645981504722,0.0396620702449079,-0.026200424263403178,1590,1492,7.258817346784419
1999-01-31,0.048372166399021414,0.09196318492940742,-0.043591018530386,1571,1468,6.898807086781665
1999-02-28,-0.03259252478231712,-0.06287254297458739,0.030280018192270268,1558,1448,7.1379831090666475
1999-03-31,-0.028100273782476735,-0.007423913240023777,-0.02067636054245296,1542,1402,6.969719236215194
1999-04-30,0.08162148743477174,0.07623150100571591,0.005389986429055832,1526,1388,7.012675914741779
1999-05-31,0.04248044248015904,0.03717909727033968,0.005301345209819355,1511,1374,7.055153875820231
1999-06-30,0.04031626050114973,0.051153841848210424,-0.010837581347060692,1466,1278,6.967855490427938
1999-07-31,0.020764874938295264,-0.0037890920582889635,0.02455396699658423,1631,1483,7.163497951173458
1999-08-31,-0.025024077676811314,-0.03529971216587018,0.010275634489058869,1612,1467,7.247383072271898
1999-09-30,-0.027555710746273755,-0.010094669821970385,-0.01746104092430337,1595,1441,7.103375178928552
1999-10-31,-0.0069371790511046074,-0.004523295021653132,-0.002413884029451476,1576,1425,7.083814570999483
1999-11-30,0.07517352130988905,0.13055115970702183,-0.05537763839713278,1559,1403,6.6361520108172005
1999-12-31,0.05609065226669858,0.12166791815910585,-0.06557726589240728,1538,1368,6.135394040009
2000-01-31,0.05833504934407309,0.06867190723215877,-0.01033685788808568,1522,1358,6.061636485841934
2000-02-29,0.1153939938906582,0.1863938319558053,-0.0709998380651471,1505,1346,5.560261438872222
2000-03-31,0.009911670672809451,-0.005934663853900711,0.01584633452671016,1479,1333,5.664217536215268
2000-04-30,-0.06034248517103102,-0.10746390331479938,0.047121418143768364,1466,1322,5.978244917340302
2000-05-31,-0.044052539279322914,-0.0668128426487229,0.022760303369399992,1455,1307,6.1370718886449405
2000-06-30,0.05033508964288213,0.09435632803615114,-0.04402123839326901,1423,1228,5.822889145605003
2000-07-31,-0.007425535989672164,-0.03646034854414227,0.029034812554470105,1521,1400,6.020990453027573
2000-08-31,0.07004786083032964,0.07857282231103838,-0.008524961480708734,1510,1393,5.96113677985909
2000-09-30,-0.012235015406754403,-0.046399504971126354,0.03416448956437195,1493,1374,6.198960464730752
2000-10-31,-0.0493051591067092,-0.05508480703649942,0.005779647929790223,1472,1357,6.240567921677375
2000-11-30,-0.08623007745445647,-0.14459343630886493,0.05836335885440845,1453,1343,6.66315178559995
2000-12-31,-0.008048412546672908,-0.023579986573292893,0.015531574026619985,1430,1313,6.78217259483522
2001-01-31,0.20712371545521924,0.27399509747741757,-0.06687138202219833,1407,1299,6.261767958283312
2001-02-28,-0.03580873694000927,-0.10080829900752879,0.06499956206751951,1388,1291,6.733779695407672
2001-03-31,-0.03531457380884545,-0.09237315229309939,0.05705857848425394,1377,1275,7.175058171138019
2001-04-30,0.05162246598174037,0.11700513701898785,-0.06538267103724749,1358,1260,6.64055103202414
2001-05-31,0.07608602838615974,0.0643243648309831,0.011761663555176646,1340,1248,6.730416622638966
2001-06-30,0.01020111523712268,0.019106547216557374,-0.008905431979434695,1310,1168,6.661573923233363
2001-07-31,0.015306177422048128,-0.07371984981497808,0.0890260272370262,1497,1371,7.343653412001627
2001-08-31,-0.0052994919728061645,-0.08150895048200904,0.07620945850920288,1478,1352,7.979518720518733
2001-09-30,-0.08715988932154477,-0.1803770004248875,0.09321711110334273,1469,1336,8.816563514743873
2001-10-31,0.03800928119344075,0.15326581624334304,-0.1152565350499023,1459,1320,7.685140417937204
2001-11-30,0.05408517497039936,0.13151808733953732,-0.07743291236913796,1436,1300,7.012624701041414
2001-12-31,0.047979791002697884,0.07391759446362543,-0.02593780346092755,1419,1281,6.804794816339628
2002-01-31,0.04687558134762626,-0.003714468917600243,0.050590050265226505,1403,1265,7.199639778408029
2002-02-28,0.00022910528323842933,-0.09300542310387179,0.09323452838711022,1389,1248,7.964129326092092
2002-03-31,0.07956504141622602,0.09587633411585539,-0.016311292699629373,1364,1238,7.817912788856873
2002-04-30,0.049087710585909,-0.07788725558824618,0.12697496617415518,1347,1229,8.937566966948625
2002-05-31,0.01382453129359959,-0.05489813198280319,0.06872266327640278,1337,1218,9.620503035404939
2002-06-30,-0.029003505933780753,-0.12315309294334485,0.0941495870095641,1306,1135,10.620419010022136
2002-07-31,-0.09161355986235173,-0.13068706505206185,0.03907350518971012,1411,1349,11.074469512516844
2002-08-31,0.0024175512273956743,0.0030273011988876746,-0.0006097499714920003,1395,1341,11.067107105075806
2002-09-30,-0.061630237738033056,-0.1147155718412288,0.05308533410319574,1382,1325,11.707693517407803
2002-10-31,0.030823668636780693,0.07657956080578417,-0.04575589216900347,1366,1315,11.126241663108548
2002-11-30,0.09670208233993599,0.17890079277576906,-0.08219871043583307,1356,1307,10.129480235967755
2002-12-31,-0.020916322722772683,-0.08148694539277802,0.06057062267000534,1343,1280,10.803599783853839
2003-01-31,0.020837857534301483,-0.004826389295897495,0.025664246830198977,1325,1266,11.106530282191548
2003-02-28,-0.00813182769051117,-0.03581440446599465,0.027682576775483476,1314,1258,11.441670236213032
2003-03-31,0.012822658843726133,0.023929840094570106,-0.011107181250843973,1297,1237,11.303478349836183
2003-04-30,0.08838948750589715,0.11870761119206255,-0.030318123686165405,1288,1229,10.930459971455791
2003-05-31,0.10728757517115405,0.17246832721222413,-0.06518075204107009,1275,1220,10.152823618320419
2003-06-30,0.04389241127950326,0.03694069374626688,0.006951717533236382,1240,1147,10.230354897812989
2003-07-31,0.07143662072081343,0.07105009032012337,0.0003865304006900605,1273,1207,10.234695771391532
2003-08-31,0.05200790823663893,0.05212329382666993,-0.00011538559003099885,1261,1204,10.23339944939113
2003-09-30,0.03001172537235074,0.011295214157003922,0.01871651121534682,1252,1195,10.443649496172132
2003-10-31,0.09104797600590225,0.08104986037277141,0.009998115633130841,1244,1185,10.558064427099879
2003-11-30,0.056537344530353424,0.028469793891859344,0.02806755063849408,1232,1177,10.88247098569048
2003-12-31,0.04231043549878731,0.03027611088017371,0.0120343246186136,1209,1162,11.025468498803537
2004-01-31,0.07047204251033522,0.07708349523640583,-0.00661145272607061,1196,1157,10.945962682314846
2004-02-29,0.012423913494357003,0.0022344825600353517,0.01018943093432165,1189,1149,11.067685244010276
2004-03-31,0.02356335486630463,-0.005663514477825765,0.029226869344130393,1184,1146,11.420385903923055
2004-04-30,-0.03280093358429667,-0.03879632983033176,0.005995396246035088,1172,1140,11.494851038945741
2004-05-31,-0.0010705000010625102,0.005454337790234797,-0.0065248377912973075,1166,1136,11.413324162690198
2004-06-30,0.02929131770708472,0.021744247003071947,0.007547070704012775,1150,1096,11.507008397817852
2004-07-31,-0.05799452135911073,-0.07599001117040685,0.017995489811296124,1202,1192,11.732078140010579
2004-08-31,-0.012337538494832422,-0.015330140462591513,0.002992601967759091,1197,1189,11.770180182106037
2004-09-30,0.04245079301671175,0.03905647276108978,0.0033943202556219673,1193,1186,11.813526263366102
2004-10-31,0.019719307479514992,0.0186550913583856,0.001064216121129391,1183,1181,11.82716262458409
2004-11-30,0.08905864571087518,0.08617185026007843,0.0028867954507967586,1174,1174,11.86419201929537
2004-12-31,0.0588947032081172,0.06116826221951102,-0.0022735590113938248,1165,1166,11.834944519605601
2005-01-31,-0.02859986986748589,-0.03540236518207336,0.006802495314587473,1149,1158,11.92225416956321
2005-02-28,0.014896503428514129,0.013906687640635811,0.000989815787878318,1137,1152,11.93504482075522
2005-03-31,-0.022756230519955206,-0.026778880414761903,0.004022649894806697,1125,1143,11.98707797744275
2005-04-30,-0.053707115813046644,-0.05719466005664958,0.0034875442436029386,1119,1138,12.032370986484201
2005-05-31,0.04361523566761031,0.05160339057049617,-0.00798815490288586,1107,1134,11.92826638829229
2005-06-30,0.04029789269202338,0.02171146343950863,0.018586429252514747,1080,1082,12.16855669687595
2005-07-31,0.06041750750135091,0.07008601794619661,-0.0096685104448457,1180,1143,12.041236368908661
2005-08-31,-0.00847540204002609,-0.01271706289408935,0.004241660854063261,1168,1134,12.096552870703247
2005-09-30,0.013678791839555528,0.009503130362599768,0.00417566147695576,1160,1123,12.151239642006356
2005-10-31,-0.0307624753366002,-0.03080384568759218,4.1370350991980914e-05,1154,1117,12.151783713406326
2005-11-30,0.03466179333815542,0.04538690239029208,-0.010725109052136667,1148,1108,12.010729398849929
2005-12-31,0.012689956790342363,0.005618406588795624,0.00707155020154674,1134,1095,12.102735424952638
2006-01-31,0.07801320683247388,0.08387435330976642,-0.0058611464772925365,1119,1085,12.02593837337378
2006-02-28,0.004587824821013439,0.007727656184022721,-0.0031398313630092815,1113,1081,11.985039123536435
2006-03-31,0.04651548546863313,0.040034508013357464,0.006480977455275663,1101,1074,12.069194869351946
2006-04-30,0.01901340288374599,-0.00233352595911224,0.02134692884285823,1095,1069,12.34818204226145
2006-05-31,-0.0327224574535014,-0.06628357241003524,0.03356111495653384,1088,1059,12.796161914242527
2006-06-30,0.001016032901006849,-0.018576779050232042,0.01959281195123889,1073,998,13.066467520277126
2006-07-31,-0.01997196780713548,-0.04127123563625979,0.02129926782912431,1173,1105,13.366072979401187
2006-08-31,0.016041308829369796,0.03332648965215962,-0.017285180822789823,1166,1100,13.117752810238843
2006-09-30,0.011448648398777992,0.011532354918915067,-8.370652013707514e-05,1155,1091,13.116571062278942
2006-10-31,0.04050496458261332,0.05137326302549728,-0.010868298442883957,1148,1080,12.963147954983915
2006-11-30,0.023989806408306242,0.025656187373356388,-0.001666380965050146,1140,1075,12.939880031019552
2006-12-31,0.014626402325618255,0.005320014395086055,0.0093063879305322,1130,1066,13.069609962293299
2007-01-31,0.017733930168231223,0.027490146150749264,-0.009756215982518041,1121,1058,12.932343808711378
2007-02-28,0.008594870628727932,0.0017510786679275597,0.006843791960800372,1112,1050,13.027693871264544
2007-03-31,0.004798723654238328,0.004272539972242309,0.0005261836819960191,1103,1037,13.03507501487564
2007-04-30,0.019051398951186616,0.028507999210902434,-0.009456600259715817,1091,1029,12.902350920844835
2007-05-31,0.014915931168175958,0.03147714900714026,-0.016561217838964297,1082,1027,12.672111058770998
2007-06-30,-0.0039711941523821815,-0.0020416415227324037,-0.0019295526296497778,1066,946,12.645730000924683
2007-07-31,-0.04452003821553303,-0.04000555933707298,-0.00451447887846005,1153,1064,12.58412664105434
2007-08-31,-0.021399673756796276,0.001048283178862373,-0.02244795693565865,1142,1056,12.27919075120742
2007-09-30,0.010021457593484284,0.02621185111533911,-0.016190393521854828,1136,1042,12.064195427293598
2007-10-31,0.0012660042983383937,0.017171597347398922,-0.01590559304906053,1120,1029,11.856401651313668
2007-11-30,-0.08442950645856764,-0.07963839432950114,-0.004791112129066508,1108,1015,11.794805189425908
2007-12-31,-0.014896268725906534,-0.004451990028708279,-0.010444278697198255,1093,1003,11.661172678151186
2008-01-31,-0.0344048828143782,-0.06359312957102183,0.029188246756643624,1090,996,12.030730110509536
2008-02-29,-0.02063957900881995,-0.03150688660243207,0.010867307593612117,1078,988,12.172339062789787
2008-03-31,-0.017470290633538686,-0.026730366048735073,0.009260075415196387,1065,973,12.294315915905758
2008-04-30,0.011224828401632098,0.038369945060096916,-0.027145116658464818,1054,971,11.93344015947401
2008-05-31,0.015966877236025575,0.05307768512035289,-0.037110807884327315,1054,962,11.453469746432326
2008-06-30,-0.09835750656365685,-0.08414216858418258,-0.014215337979474274,1036,890,11.276439464969632
2008-07-31,-0.012018519083529933,0.011010352462079955,-0.02302887154560989,1102,1011,10.993726917493392
2008-08-31,0.020805432800114834,0.02358031707283637,-0.0027748842727215346,1091,1007,10.960445713298723
2008-09-30,-0.11322033313688082,-0.12319504509150724,0.009974711954626417,1081,997,11.079747714137826
2008-10-31,-0.1948949764491711,-0.22876057815185807,0.03386560170268699,1072,990,11.488835638893761
2008-11-30,-0.14973177554478087,-0.1337280656134925,-0.016003709931288357,1061,986,11.288967935949367
2008-12-31,0.002793355424169115,0.05373016857241937,-0.05093681314825026,1051,971,10.663007072411075
2009-01-31,-0.02499282148575182,-0.03351324544247678,0.008520423956724962,1042,962,10.762380837278299
2009-02-28,-0.1203884127490726,-0.10501256976947797,-0.015375842979594628,1034,959,10.581524316458115
2009-03-31,0.1086635500077238,0.12265438947477383,-0.013990839467050029,1021,948,10.419489068962813
2009-04-30,0.200130940407674,0.21026173337033496,-0.01013079296266095,1014,940,10.30380058946578
2009-05-31,0.1100226035994941,0.093777147467471,0.016245456132023106,1008,936,10.487435986067084
2009-06-30,0.026977694679547297,0.0481996451996,-0.021221950520052706,985,849,10.243650187968495
2009-07-31,0.0751417920216895,0.08867100253468789,-0.013529210512998394,1060,978,10.091532477640955
2009-08-31,0.07541787337401641,0.052374768170029895,0.023043105203986516,1053,977,10.347115827396669
2009-09-30,0.0411475259087454,0.0929053407646695,-0.051757814855924095,1044,967,9.759813907253546
2009-10-31,-0.05782089966397675,-0.0636003022384667,0.005779402574489952,1034,959,9.82199920345016
2009-11-30,0.006951984321321578,0.032326462072122794,-0.025374477750801216,1021,953,9.547396625443024
2009-12-31,0.05242053153621806,0.06897702490307575,-0.01655649336685769,1007,947,9.372768723176259
2010-01-31,0.025571810080981135,-0.031620996498626215,0.05719280657960735,998,945,9.96601647845588
2010-02-28,0.03418659510745572,0.04105043259254964,-0.006863837485093921,989,941,9.890747523488896
2010-03-31,0.07343465535466231,0.07613145607875668,-0.002696800724094367,983,936,9.861377347681621
2010-04-30,0.10166363159834224,0.05436013109263953,0.047303500505702714,971,931,10.375158516540308
2010-05-31,-0.0834094306445866,-0.08070921688551855,-0.0027002137590680514,965,926,10.344443157002367
2010-06-30,-0.07761088098227113,-0.06592976871989027,-0.01168111226238086,951,898,10.211927442931223
2010-07-31,0.05416498396496708,0.05762830371483062,-0.0034633197498635387,1007,966,10.173096953184082
2010-08-31,-0.06342147646360444,-0.05684220894457271,-0.006579267519031727,1001,957,10.099586159313006
2010-09-30,0.1012261530349341,0.11262427488791377,-0.01139812185297967,994,949,9.97307172375151
2010-10-31,0.04238321567219472,0.0543918353564418,-0.01200861968424708,988,939,9.841300278653012
2010-11-30,0.025585675951756166,0.015716461798111432,0.009869214153644734,981,930,9.948295392807006
2010-12-31,0.08559036731981802,0.08635379834094405,-0.0007634310211260265,970,923,9.939937124475687
2011-01-31,0.023240895277692,0.0038466592647004713,0.019394236012991527,964,920,10.152108847035056
2011-02-28,0.04223823240619635,0.037977328284133444,0.004260904122062904,958,915,10.199626913591082
2011-03-31,0.008008992790124004,0.02223016360084331,-0.014221170810719306,956,906,10.040355106236575
2011-04-30,0.0080078784343163,0.021187155513630665,-0.013179277079314365,950,897,9.89485120723746
2011-05-31,-0.025043560874250075,-0.011823160212519586,-0.013220400661730488,946,890,9.750816909127844
2011-06-30,-0.022202573424466215,-0.019119329047595376,-0.003083244376870839,923,854,9.717669513346008
2011-07-31,-0.011314831461174719,-0.03720663846417465,0.02589180700299993,974,930,9.995169343907499
2011-08-31,-0.08907954836958923,-0.08772372524372665,-0.0013558231258625764,971,927,9.980261839038254
2011-09-30,-0.0974166606150732,-0.10474195911346924,0.007325298498396041,969,917,10.060695534599757
2011-10-31,0.10872421483300128,0.1294705303557428,-0.020746315522741518,963,912,9.831226855137972
2011-11-30,-0.007440951114374937,-0.02051175756125051,0.013070806446875572,958,904,9.972799724943682
2011-12-31,0.006360831102778315,-0.014130084353704782,0.020490915456483096,950,894,10.197642436428426
2012-01-31,0.09069143986750416,0.09736225345252757,-0.006670813585023402,944,890,10.122945051143265
2012-02-29,0.036064431806243004,0.04485541807693953,-0.008790986270696528,939,882,10.025163393908953
2012-03-31,0.03571796140872331,0.0251324660672391,0.010585495341484213,930,876,10.141870209654277
2012-04-30,-0.005479009760296031,-0.017392084979575912,0.011913075219279881,928,869,10.274604147545343
2012-05-31,-0.06416846016234164,-0.07018621263190235,0.006017752469560711,925,864,10.342451924497555
2012-06-30,0.029868752813300748,0.0468332197242831,-0.016964466910982353,911,817,10.150033274135009
2012-07-31,-0.010162238599069756,-0.01874782610467578,0.008585587505606024,961,890,10.245762860500513
2012-08-31,0.026642753230623664,0.03301020603014048,-0.0063674527995168165,957,887,10.174155996291717
2012-09-30,0.036118028488888225,0.04020139213527297,-0.004083363646384744,949,876,10.128527853917427
2012-10-31,-0.008909991434377297,-0.03746715719827368,0.028557165763896386,941,874,10.446327068549884
2012-11-30,0.004877143339346719,0.00871558975688478,-0.003838446417538061,931,871,10.40239095541964
2012-12-31,0.0293906603482286,0.018319333752937757,0.011071326595290844,923,860,10.528630549654283
2013-01-31,0.07595137629347512,0.07464059646243304,0.0013107798310420804,918,858,10.543742046058306
2013-02-28,0.016531534117231978,0.00904718002248833,0.007484354094743647,916,855,10.630139499109385
2013-03-31,0.03931590074979059,0.04526846428810033,-0.005952563538309738,912,847,10.56091035478153
2013-04-30,-0.004338639235072135,-0.0015481398517948365,-0.002790499383277299,909,842,10.528649641566389
2013-05-31,0.04243473119091793,0.048223226495240634,-0.005788495304322704,902,841,10.461916107251001
2013-06-30,0.003766969373897815,-0.018148529233344163,0.021915498607241977,890,782,10.713109713735786
2013-07-31,0.06443248574186414,0.07572397274757715,-0.011291487005713016,927,848,10.580851287606647
2013-08-31,-0.022475370854351504,-0.005589157035248872,-0.01688621381910263,924,848,10.385294556556891
2013-09-30,0.05414144225204753,0.0635543643514554,-0.009412922099407868,918,845,10.278125665817209
2013-10-31,0.032321914525289895,0.017070277879969394,0.015251636645320501,912,839,10.450135540512518
2013-11-30,0.04314557606236852,0.04682546229061989,-0.0036798862282513695,904,832,10.408000344425375
2013-12-31,0.023652527541460654,0.029119318971405694,-0.00546679142994504,897,824,10.34563518590966
2014-01-31,-0.010833748393797131,5.073112759927642e-06,-0.010838821506557059,895,821,10.222661871251074
2014-02-28,0.03882061503440315,0.04986246368123477,-0.011041848646831623,890,820,10.098742937454151
2014-03-31,0.0070061124583233984,-0.009660676294512796,0.016666788752836195,886,817,10.283723341414733
2014-04-30,-0.03097751254497087,-0.044698348091235976,0.013720835546265107,879,814,10.438545453731837
2014-05-31,-0.0031393546284484548,0.0005392156535249871,-0.003678570281973442,874,808,10.396467960356736
2014-06-30,0.03701936247296379,0.055861325835871986,-0.018841963362908193,864,764,10.181736128581138
2014-07-31,-0.040295483504550464,-0.05048216655540418,0.010186683050853719,896,842,10.295640930481273
2014-08-31,0.0389411161072089,0.04972271491345796,-0.010781598806249064,895,836,10.173855861709377
2014-09-30,-0.042560820019979774,-0.050744411160545656,0.008183591140565882,890,832,10.265298129545222
2014-10-31,0.01760904732865038,0.029928170081322626,-0.012319122752672246,885,828,10.126519539041906
2014-11-30,-0.011007492632621923,0.004398481737788823,-0.015405974370410747,881,825,9.955104664191554
2014-12-31,0.021986741765132673,0.013991755869013658,0.007994985896119015,873,811,10.042690571472273
2015-01-31,-0.04057275167739156,-0.02907750049092255,-0.011495251186469008,868,807,9.915752069578746
2015-02-28,0.05111043600051095,0.07549100548638393,-0.024380569485872985,862,802,9.64961981775582
2015-03-31,0.0036727225835010537,-0.00878350381015306,0.012456226393654114,854,790,9.782273893212132
2015-04-30,0.014427926244086653,-0.0014028413057891804,0.01583076754987583,850,787,9.952965564874669
2015-05-31,0.004126248131464935,0.007306071639221179,-0.003179823507756244,849,784,9.918137067491836
2015-06-30,-0.00040041123201608575,-0.0003379787687032957,-6.243246331279006e-05,843,728,9.917455421299925
2015-07-31,-0.04612263320973245,-0.009893320646526763,-0.03622931256320569,895,809,9.521923516446785
2015-08-31,-0.01627314149967761,-0.062362324164055946,0.046089182664378336,890,804,10.00687037137692
2015-09-30,-0.0383808377596646,-0.060587339877535985,0.022206502117871382,885,798,10.251294461590037
2015-10-31,0.04560346647559022,0.06508395368084495,-0.019480487205254728,880,789,10.032113763788479
2015-11-30,0.01493799381054814,0.03108643128004321,-0.01614843746949507,876,786,9.853962364517583
2015-12-31,-0.03902632811269034,-0.03939150444267,0.0003651763299796565,865,774,9.857925974659596
2016-01-31,-0.0696741641425076,-0.10722058918690175,0.03754642504439415,857,768,10.265602278404733
2016-02-29,0.01994389416347295,0.009188444395084242,0.010755449768388709,851,764,10.38676889782076
2016-03-31,0.08277877789738727,0.06641213498679675,0.01636664291059052,839,757,10.57313207827681
2016-04-30,0.07130049462807074,0.03109255780793065,0.040207936820140094,837,753,11.0384638416913
2016-05-31,-0.012002249949490559,0.012432706610880896,-0.024434956560371455,832,747,10.74430450066597
2016-06-30,0.005493612486788267,-0.008401776135499417,0.013895388622287685,815,674,10.907496175801207
2016-07-31,0.05456029793788673,0.07416003550386108,-0.01959973756597435,883,783,10.67411237568766
2016-08-31,0.021749198665393103,0.011652646686651228,0.010096551978741874,876,778,10.791980658094465
2016-09-30,0.019434743507630643,0.027346969111979137,-0.007912225604348493,867,766,10.698679846805508
2016-10-31,-0.02711188412805566,-0.0732643968767256,0.046152512748669945,863,762,11.238603317577807
2016-11-30,0.10813861074920043,0.06995644304991723,0.038182167699283204,859,754,11.705899721854568
2016-12-31,0.05001829255255556,-0.010948757451310982,0.06096705000386654,853,740,12.480540945540989
2017-01-31,0.016006864681299846,0.031693349397198305,-0.01568648471589846,851,737,12.269078646036716
2017-02-28,0.006506354801606255,0.027078466419741362,-0.020572111618135106,847,730,11.996105679060635
2017-03-31,0.0032052240990315933,0.01907768063022571,-0.015872456531194117,842,723,11.789825556594941
2017-04-30,0.0010023575979161857,0.014161713220870389,-0.013159355622954203,838,718,11.62151969374016
2017-05-31,-0.020086973231176582,-0.01935260801963957,-0.0007343652115370108,830,715,11.612250888760347
2017-06-30,0.03146378898183473,0.03886766599133094,-0.007403877009496206,817,643,11.518871334367056
2017-07-31,0.0058802421794093935,-0.0037612692474741994,0.009641511426883593,849,754,11.63957217538904
2017-08-31,-0.01765462153947256,-0.008581453600113203,-0.009073167939359356,846,751,11.524891214360082
2017-09-30,0.0716932849419606,0.0524471494867957,0.019246135455164903,840,738,11.765946967232862
2017-10-31,0.021990253434058634,0.003577251966535424,0.01841300146752321,831,735,12.001006367474846
2017-11-30,0.036984809212643445,0.02839589588763417,0.008588913325009277,824,729,12.11267088430298
2017-12-31,0.00838594918668656,0.0016905988783737238,0.006695350308312836,814,720,12.200464809351004
2018-01-31,0.02077133435280856,0.042618181669546416,-0.021846847316737857,810,717,11.912076270151143
2018-02-28,-0.03884472706055314,-0.037385420042044065,-0.0014593070185090762,805,713,11.893233586626588
2018-03-31,0.02201697734775809,0.003968581418100629,0.01804839592965746,804,711,12.125935771211584
2018-04-30,0.011687142988682474,0.00047689999108047857,0.011210242997601995,798,708,12.273080700777781
2018-05-31,0.03539212612730165,0.062320789822352944,-0.026928663695051293,795,706,11.915654374389261
2018-06-30,0.005719786748146397,0.013636598097816975,-0.007916811349670577,787,652,11.813403575249673
