Date,Mkt-RF,SMB,HML,RMW,CMA,RF
1990-07   ,-1.60   ,-2.73   ,-0.75    ,0.17    ,2.23    ,0.68
1990-08   ,-9.66   ,-2.98    ,0.96   ,-1.35    ,3.13    ,0.66
1990-09   ,-6.10   ,-2.96    ,0.32    ,1.44    ,4.02    ,0.60
1990-10   ,-2.06   ,-4.33   ,-1.37    ,4.22    ,0.87    ,0.68
1990-11    ,5.93    ,0.04   ,-1.79   ,-0.05   ,-4.51    ,0.57
1990-12    ,2.51    ,1.45   ,-1.08    ,1.17   ,-2.64    ,0.60
1991-01    ,4.27    ,2.69   ,-0.05    ,1.19   ,-4.58    ,0.52
1991-02    ,7.18    ,4.14   ,-0.83   ,-1.70   ,-0.09    ,0.48
1991-03    ,2.44    ,3.86   ,-2.99   ,-0.01   ,-1.67    ,0.44
1991-04   ,-0.17    ,0.06    ,1.25   ,-0.10   ,-0.09    ,0.53
1991-05    ,3.59    ,0.07   ,-0.01   ,-0.13   ,-2.06    ,0.47
1991-06   ,-4.71    ,0.90    ,0.56    ,1.48    ,0.96    ,0.42
1991-07    ,3.99   ,-0.89   ,-2.54    ,2.01   ,-1.47    ,0.49
1991-08    ,2.17    ,0.99   ,-1.67    ,1.12   ,-1.04    ,0.46
1991-09   ,-1.70    ,1.70   ,-0.78   ,-0.08   ,-0.03    ,0.46
1991-10    ,1.45    ,1.01   ,-0.18   ,-1.35   ,-0.61    ,0.42
1991-11   ,-4.16   ,-0.55   ,-2.22    ,1.92   ,-0.37    ,0.39
1991-12   ,10.03   ,-3.16   ,-5.32    ,3.50   ,-4.51    ,0.38
1992-01   ,-0.68    ,8.56    ,4.00   ,-1.96    ,2.66    ,0.34
1992-02    ,1.00    ,1.47    ,4.82   ,-1.16    ,1.64    ,0.28
1992-03   ,-2.74   ,-0.93    ,4.17   ,-0.76    ,1.98    ,0.34
1992-04    ,1.12   ,-5.32    ,3.46    ,0.29    ,3.36    ,0.32
1992-05    ,0.32   ,-0.25    ,0.91   ,-1.76    ,1.09    ,0.28
1992-06   ,-2.16   ,-2.37    ,2.81   ,-0.97    ,0.93    ,0.32
1992-07    ,3.66   ,-0.89   ,-0.79    ,1.49   ,-0.28    ,0.31
1992-08   ,-2.32   ,-0.21   ,-0.24    ,3.36   ,-0.20    ,0.26
1992-09    ,0.72    ,0.45   ,-0.96    ,1.43   ,-0.77    ,0.26
1992-10    ,0.97    ,2.10   ,-3.12    ,2.21   ,-1.93    ,0.23
1992-11    ,3.51    ,3.41   ,-2.89    ,0.21   ,-2.74    ,0.23
1992-12    ,1.55    ,1.66    ,2.07   ,-0.63    ,1.38    ,0.28
1993-01    ,0.75    ,2.41    ,5.17   ,-2.39    ,2.50    ,0.23
1993-02    ,0.45   ,-2.81    ,7.23   ,-2.37    ,4.67    ,0.22
1993-03    ,2.34    ,0.72    ,1.98   ,-1.50    ,2.03    ,0.25
1993-04   ,-2.60   ,-0.31    ,2.99   ,-2.94    ,2.12    ,0.24
1993-05    ,2.81    ,1.75   ,-2.80    ,0.33   ,-1.31    ,0.22
1993-06    ,0.27    ,0.73    ,1.98   ,-0.95    ,1.13    ,0.25
1993-07   ,-0.37    ,1.11    ,2.52   ,-1.58    ,1.79    ,0.24
1993-08    ,3.58    ,0.58    ,0.17    ,0.00   ,-0.06    ,0.25
1993-09   ,-0.35    ,2.62    ,0.33    ,0.19   ,-0.09    ,0.26
1993-10    ,1.70    ,1.85   ,-2.97    ,1.16    ,0.62    ,0.22
1993-11   ,-1.86   ,-1.43   ,-0.59    ,0.83   ,-0.96    ,0.25
1993-12    ,1.68    ,1.06    ,1.05   ,-0.08   ,-0.20    ,0.23
1994-01    ,2.93   ,-0.15    ,1.85   ,-1.74    ,1.38    ,0.25
1994-02   ,-2.62    ,1.99   ,-0.76    ,1.27   ,-1.05    ,0.21
1994-03   ,-4.64   ,-0.78    ,1.77   ,-0.65    ,1.48    ,0.27
1994-04    ,0.61   ,-0.99    ,1.68    ,0.32    ,1.50    ,0.27
1994-05    ,0.74   ,-2.26    ,1.24   ,-1.16    ,0.33    ,0.32
1994-06   ,-3.15   ,-0.54    ,2.16    ,0.40    ,1.89    ,0.31
1994-07    ,2.82   ,-1.75    ,0.47   ,-0.30    ,0.09    ,0.28
1994-08    ,4.02    ,0.44   ,-2.56    ,0.89   ,-1.50    ,0.37
1994-09   ,-2.07    ,2.76   ,-1.11    ,0.10    ,0.47    ,0.37
1994-10    ,1.17   ,-1.77   ,-1.51    ,1.26   ,-0.73    ,0.38
1994-11   ,-4.09   ,-0.13   ,-1.16    ,0.84    ,0.02    ,0.37
1994-12    ,0.89   ,-0.32   ,-0.25    ,0.60    ,0.44    ,0.44
1995-01    ,1.39   ,-1.98    ,1.51    ,1.11    ,0.37    ,0.42
1995-02    ,3.63   ,-0.62    ,0.61    ,0.30   ,-0.89    ,0.40
1995-03    ,2.25   ,-0.50   ,-1.59   ,-0.57   ,-0.26    ,0.46
1995-04    ,2.13   ,-0.11    ,1.47   ,-0.59    ,1.48    ,0.45
1995-05    ,2.94   ,-1.77    ,1.23    ,0.02    ,0.52    ,0.54
1995-06    ,2.50    ,3.04   ,-2.93    ,0.41   ,-2.93    ,0.47
1995-07    ,3.60    ,2.13   ,-2.38    ,0.57   ,-2.37    ,0.45
1995-08    ,0.49    ,1.55    ,2.16   ,-1.82    ,1.75    ,0.47
1995-09    ,3.19   ,-1.42   ,-0.92    ,0.76    ,0.92    ,0.43
1995-10   ,-1.58   ,-4.11   ,-0.50    ,1.89    ,0.14    ,0.47
1995-11    ,3.93   ,-0.55    ,0.01   ,-1.63    ,1.14    ,0.42
1995-12    ,1.01    ,0.51   ,-0.52   ,-0.35    ,3.08    ,0.49
1996-01    ,2.45   ,-2.46    ,0.00    ,0.10    ,2.02    ,0.43
1996-02    ,1.25    ,1.90   ,-1.93    ,0.09   ,-1.86    ,0.39
1996-03    ,0.83    ,1.39    ,0.86    ,0.78   ,-0.79    ,0.39
1996-04    ,1.99    ,4.89   ,-3.08    ,0.49   ,-2.48    ,0.46
1996-05    ,2.14    ,3.11   ,-1.35    ,0.38   ,-0.58    ,0.42
1996-06   ,-1.03   ,-3.89    ,2.01    ,2.65    ,1.75    ,0.40
1996-07   ,-5.80   ,-3.64    ,5.62    ,1.47    ,3.43    ,0.45
1996-08    ,2.87    ,2.44   ,-0.40   ,-0.89   ,-2.06    ,0.41
1996-09    ,4.87   ,-1.83   ,-2.60    ,0.90   ,-2.67    ,0.44
1996-10    ,1.31   ,-2.61    ,5.29    ,0.50    ,3.16    ,0.42
1996-11    ,6.31   ,-4.04    ,2.35    ,1.22   ,-0.24    ,0.41
1996-12   ,-1.68    ,3.19    ,0.64   ,-0.02    ,1.37    ,0.46
1997-01    ,4.97   ,-1.59   ,-1.46    ,1.23   ,-1.22    ,0.45
1997-02   ,-0.36   ,-2.61    ,5.03   ,-0.50    ,5.15    ,0.39
1997-03   ,-4.90   ,-0.62    ,3.84    ,0.71    ,2.62    ,0.43
1997-04    ,3.90   ,-6.22   ,-0.12    ,3.33   ,-1.12    ,0.43
1997-05    ,6.63    ,4.59   ,-3.63    ,0.08   ,-3.80    ,0.49
1997-06    ,3.88    ,0.94    ,1.11    ,0.68    ,0.47    ,0.37
1997-07    ,7.29   ,-2.81   ,-0.32   ,-0.05   ,-2.52    ,0.43
1997-08   ,-4.07    ,7.41    ,0.24   ,-0.67   ,-1.16    ,0.41
1997-09    ,5.45    ,2.58    ,0.08   ,-1.66   ,-1.31    ,0.44
1997-10   ,-3.76   ,-0.69    ,2.64    ,0.97    ,1.91    ,0.42
1997-11    ,2.53   ,-5.77    ,0.89    ,2.92    ,3.39    ,0.39
1997-12    ,1.39   ,-1.83    ,3.47   ,-0.10    ,2.27    ,0.48
1998-01   ,-0.02   ,-1.55   ,-2.01    ,1.30   ,-0.65    ,0.43
1998-02    ,7.00   ,-0.25   ,-0.73   ,-0.60   ,-2.71    ,0.39
1998-03    ,4.84   ,-0.73    ,1.24   ,-0.85   ,-0.16    ,0.39
1998-04    ,0.83    ,0.08    ,0.36   ,-1.90   ,-0.15    ,0.43
1998-05   ,-2.84   ,-2.78    ,2.90    ,1.08    ,2.62    ,0.40
1998-06    ,2.88   ,-3.85   ,-2.36   ,-0.08   ,-3.41    ,0.41
1998-07   ,-2.76   ,-5.15   ,-1.76    ,1.58    ,1.32    ,0.40
1998-08  ,-16.32   ,-4.32    ,1.91    ,4.18    ,6.90    ,0.43
1998-09    ,5.99   ,-0.47   ,-3.50   ,-1.43   ,-2.45    ,0.46
1998-10    ,7.06   ,-3.30   ,-1.35    ,1.02    ,0.05    ,0.32
1998-11    ,5.82    ,0.32   ,-4.17    ,0.04   ,-0.70    ,0.31
1998-12    ,5.93   ,-1.33   ,-4.87    ,0.77   ,-4.35    ,0.38
1999-01    ,3.34   ,-1.82   ,-4.43   ,-1.89   ,-5.93    ,0.35
1999-02   ,-4.16   ,-4.32    ,1.88   ,-1.77    ,4.56    ,0.35
1999-03    ,3.34   ,-3.48   ,-2.31   ,-1.71   ,-2.78    ,0.43
1999-04    ,4.34    ,4.09    ,3.36   ,-2.04    ,0.09    ,0.37
1999-05   ,-2.12    ,3.48    ,1.57    ,0.68    ,2.55    ,0.34
1999-06    ,4.72    ,1.43   ,-3.43    ,0.73   ,-2.99    ,0.40
1999-07   ,-3.37    ,2.04    ,1.22    ,1.23    ,1.80    ,0.38
1999-08   ,-1.37   ,-1.57   ,-2.20    ,0.48    ,0.09    ,0.39
1999-09   ,-2.69    ,3.04   ,-4.18   ,-0.91   ,-1.92    ,0.39
1999-10    ,5.63   ,-6.89   ,-3.08   ,-2.28   ,-0.63    ,0.39
1999-11    ,2.84    ,4.36   ,-8.33   ,-1.70   ,-4.56    ,0.36
1999-12    ,7.11    ,3.48   ,-8.70   ,-5.77   ,-6.60    ,0.44
2000-01   ,-4.28    ,2.68    ,0.03   ,-6.02    ,3.99    ,0.41
2000-02    ,1.64   ,16.64  ,-14.06  ,-15.45   ,-4.52    ,0.43
2000-03    ,6.83  ,-13.86    ,9.57   ,11.02   ,-0.19    ,0.47
2000-04   ,-4.86   ,-3.18    ,7.17    ,6.42    ,7.81    ,0.46
2000-05   ,-3.56   ,-2.23    ,5.16    ,3.09    ,2.75    ,0.50
2000-06    ,3.65    ,7.24  ,-10.37   ,-5.29   ,-5.37    ,0.40
2000-07   ,-2.24   ,-1.50    ,9.36    ,5.59    ,4.73    ,0.48
2000-08    ,7.12   ,-0.45   ,-1.83   ,-4.30   ,-0.49    ,0.50
2000-09   ,-5.36    ,0.86    ,9.58    ,3.69    ,8.87    ,0.51
2000-10   ,-2.89   ,-3.42    ,7.05    ,9.83    ,8.16    ,0.56
2000-11  ,-10.31   ,-0.70   ,15.99   ,13.94   ,14.37    ,0.51
2000-12    ,1.50    ,4.90   ,10.93    ,0.68    ,8.14    ,0.50
2001-01    ,3.25    ,3.43   ,-8.70   ,-6.11  ,-10.76    ,0.54
2001-02   ,-9.77    ,2.32   ,17.57    ,9.92   ,13.10    ,0.38
2001-03   ,-7.32    ,1.51   ,10.45    ,4.01    ,8.24    ,0.42
2001-04    ,7.66   ,-0.06   ,-8.33   ,-3.86   ,-6.46    ,0.39
2001-05    ,0.84    ,3.52    ,1.92   ,-0.46    ,1.73    ,0.32
2001-06   ,-1.95    ,4.69    ,0.20    ,0.85   ,-2.04    ,0.28
2001-07   ,-2.17   ,-3.30    ,3.16    ,7.17    ,5.92    ,0.30
2001-08   ,-6.30    ,2.13    ,3.91    ,3.63    ,8.19    ,0.31
2001-09   ,-9.37   ,-5.40    ,1.54    ,3.78    ,5.92    ,0.28
2001-10    ,2.41    ,5.45   ,-6.99   ,-1.23   ,-6.50    ,0.22
2001-11    ,7.74   ,-0.06   ,-0.74   ,-2.69   ,-3.85    ,0.17
2001-12    ,1.67    ,5.26    ,1.64    ,0.55    ,1.02    ,0.15
2002-01   ,-1.61    ,0.74    ,3.33    ,4.90    ,3.80    ,0.14
2002-02   ,-2.23   ,-0.62    ,4.98    ,7.10    ,7.46    ,0.13
2002-03    ,4.26    ,3.81    ,1.11   ,-0.66    ,0.04    ,0.13
2002-04   ,-5.22    ,5.79    ,7.45    ,3.56    ,6.89    ,0.15
2002-05   ,-1.15   ,-2.50    ,2.92    ,1.23    ,4.52    ,0.14
2002-06   ,-7.31    ,2.31    ,2.20    ,3.70    ,2.99    ,0.13
2002-07   ,-8.35   ,-5.47   ,-3.20    ,3.32   ,-0.70    ,0.15
2002-08    ,0.60   ,-0.50    ,1.31    ,1.25   ,-1.16    ,0.14
2002-09  ,-10.12    ,3.14    ,0.80    ,2.41   ,-1.77    ,0.14
2002-10    ,7.55   ,-4.01   ,-6.42   ,-3.07    ,0.02    ,0.14
2002-11    ,5.89    ,2.09   ,-1.42   ,-7.35    ,4.12    ,0.12
2002-12   ,-5.48    ,0.84    ,4.33    ,5.01   ,-1.71    ,0.11
2003-01   ,-2.47    ,0.79   ,-0.42   ,-1.34    ,0.37    ,0.10
2003-02   ,-1.69   ,-0.92    ,0.11    ,0.92   ,-1.11    ,0.09
2003-03    ,0.83    ,0.17   ,-1.90    ,1.25   ,-0.28    ,0.10
2003-04    ,8.13    ,1.02   ,-0.30   ,-3.76    ,0.53    ,0.10
2003-05    ,6.32    ,4.26    ,0.55   ,-4.16    ,1.29    ,0.09
2003-06    ,1.51    ,1.34    ,0.04    ,0.79   ,-0.80    ,0.10
2003-07    ,2.16    ,3.93   ,-0.98   ,-4.06    ,1.03    ,0.07
2003-08    ,2.50    ,2.64    ,1.39   ,-2.35    ,1.94    ,0.07
2003-09   ,-1.07    ,0.50    ,0.07    ,1.06   ,-0.14    ,0.08
2003-10    ,6.05    ,2.75    ,3.26   ,-1.61    ,2.00    ,0.07
2003-11    ,1.48    ,2.35    ,0.85   ,-0.36    ,1.10    ,0.07
2003-12    ,4.52   ,-2.37    ,1.75   ,-0.39    ,0.99    ,0.08
2004-01    ,2.09    ,1.72    ,1.33   ,-3.17    ,1.96    ,0.07
2004-02    ,1.52   ,-0.15    ,0.91    ,1.68   ,-1.10    ,0.06
2004-03   ,-1.18    ,2.43    ,0.40    ,1.39   ,-0.79    ,0.09
2004-04   ,-2.20   ,-1.98   ,-2.85    ,4.03   ,-1.49    ,0.08
2004-05    ,1.27   ,-0.18    ,0.52   ,-1.66    ,0.35    ,0.06
2004-06    ,2.04    ,1.91    ,1.30    ,0.60    ,0.18    ,0.08
2004-07   ,-3.81   ,-2.52    ,3.99    ,3.57   ,-0.41    ,0.10
2004-08    ,0.04   ,-1.14    ,1.48    ,0.62   ,-0.51    ,0.11
2004-09    ,2.08    ,3.81    ,0.01   ,-0.50   ,-1.59    ,0.11
2004-10    ,1.66    ,0.56    ,0.07    ,0.26    ,1.10    ,0.11
2004-11    ,4.63    ,4.30    ,1.14    ,0.27   ,-0.66    ,0.15
2004-12    ,3.31   ,-0.30   ,-0.24   ,-0.40    ,0.52    ,0.16
2005-01   ,-2.66   ,-0.65    ,1.80    ,3.18   ,-0.39    ,0.16
2005-02    ,2.19    ,0.37    ,1.75    ,1.94    ,0.30    ,0.16
2005-03   ,-1.69   ,-1.33    ,1.58    ,1.30    ,1.24    ,0.21
2005-04   ,-2.88   ,-3.94   ,-0.21    ,0.80   ,-0.73    ,0.21
2005-05    ,3.49    ,2.25   ,-0.87   ,-0.71   ,-0.34    ,0.24
2005-06    ,0.92    ,3.27    ,2.49    ,1.23   ,-0.34    ,0.23
2005-07    ,4.03    ,2.64   ,-1.35    ,0.32   ,-1.04    ,0.24
2005-08   ,-0.71   ,-0.22    ,1.50   ,-0.23   ,-0.12    ,0.30
2005-09    ,0.91    ,0.21    ,1.39    ,0.91   ,-1.48    ,0.29
2005-10   ,-2.52   ,-1.94   ,-0.41   ,-1.85   ,-0.21    ,0.27
2005-11    ,3.88    ,1.07   ,-0.79   ,-0.47   ,-0.96    ,0.31
2005-12    ,0.14    ,0.22    ,0.24    ,0.15   ,-0.03    ,0.32
2006-01    ,3.48    ,5.77    ,0.31   ,-0.23   ,-1.13    ,0.35
2006-02   ,-0.54   ,-0.56    ,0.71   ,-1.86    ,2.26    ,0.34
2006-03    ,1.39    ,2.93    ,0.08    ,0.07   ,-0.54    ,0.37
2006-04    ,1.15    ,0.14    ,2.61    ,1.42   ,-0.66    ,0.36
2006-05   ,-3.37   ,-2.30    ,2.39    ,0.72    ,1.65    ,0.43
2006-06   ,-0.55   ,-0.70    ,0.69    ,1.46    ,0.03    ,0.40
2006-07   ,-0.74   ,-2.78    ,2.70    ,1.29    ,0.46    ,0.40
2006-08    ,2.12    ,0.41   ,-1.02   ,-1.85    ,2.00    ,0.42
2006-09    ,1.33   ,-2.17    ,0.79   ,-0.31    ,1.16    ,0.41
2006-10    ,3.27    ,2.22   ,-1.00    ,0.72   ,-0.57    ,0.41
2006-11    ,1.74   ,-0.14    ,0.14   ,-0.38   ,-1.08    ,0.42
2006-12    ,0.65   ,-0.55    ,2.43   ,-1.22    ,2.03    ,0.40
2007-01    ,1.23   ,-0.07   ,-0.67    ,0.30    ,0.57    ,0.44
2007-02   ,-1.75    ,1.53    ,0.35   ,-0.35   ,-0.55    ,0.38
2007-03    ,0.90    ,0.03    ,0.31    ,0.92   ,-1.01    ,0.43
2007-04    ,3.86   ,-1.31   ,-1.17    ,1.54    ,0.31    ,0.44
2007-05    ,3.68    ,0.02    ,0.47    ,1.58   ,-1.49    ,0.41
2007-06   ,-1.74    ,0.64   ,-0.65    ,0.76   ,-0.02    ,0.40
2007-07   ,-3.43   ,-2.76   ,-2.80    ,0.99   ,-1.92    ,0.40
2007-08    ,0.68   ,-1.21   ,-1.36   ,-1.27   ,-0.02    ,0.42
2007-09    ,3.82   ,-1.63   ,-2.24   ,-0.37   ,-3.50    ,0.32
2007-10    ,2.33    ,0.57   ,-4.16    ,0.04   ,-0.48    ,0.32
2007-11   ,-5.45   ,-3.58   ,-0.98    ,1.83    ,1.40    ,0.34
2007-12   ,-0.56    ,0.59   ,-0.79    ,1.70   ,-1.14    ,0.27
2008-01   ,-6.38   ,-1.02    ,5.15   ,-0.45    ,2.38    ,0.21
2008-02   ,-2.24    ,0.38   ,-0.22    ,1.89   ,-1.66    ,0.13
2008-03   ,-1.30    ,0.02    ,0.39    ,1.10    ,1.77    ,0.17
2008-04    ,4.73   ,-1.82    ,0.07    ,2.38   ,-2.34    ,0.18
2008-05    ,2.41    ,2.86   ,-2.74    ,1.92   ,-0.87    ,0.18
2008-06   ,-7.90    ,0.99   ,-2.80    ,5.33   ,-1.43    ,0.17
2008-07   ,-1.54    ,2.57    ,1.69   ,-2.95    ,3.79    ,0.15
2008-08    ,1.00    ,2.32    ,1.07    ,2.01    ,2.09    ,0.13
2008-09   ,-9.96   ,-0.80    ,4.07   ,-1.39    ,5.19    ,0.15
2008-10  ,-18.41   ,-3.83   ,-0.48    ,2.44    ,3.16    ,0.08
2008-11   ,-7.74   ,-4.64   ,-3.11    ,2.59    ,2.59    ,0.03
2008-12    ,1.50    ,4.53   ,-1.57    ,0.10   ,-1.41    ,0.00
2009-01   ,-7.52   ,-1.64   ,-7.26    ,2.01   ,-3.00    ,0.00
2009-02   ,-9.89   ,-1.11   ,-5.54    ,1.21   ,-2.19    ,0.01
2009-03    ,8.81    ,0.25    ,1.01   ,-1.84   ,-1.91    ,0.02
2009-04   ,10.49    ,6.36    ,4.25    ,1.35   ,-0.99    ,0.01
2009-05    ,6.68   ,-1.59   ,-0.08   ,-1.62   ,-3.32    ,0.00
2009-06   ,-0.22    ,1.54   ,-3.08   ,-0.45    ,0.44    ,0.01
2009-07    ,8.14    ,2.17    ,4.59   ,-0.65    ,1.67    ,0.01
2009-08    ,3.02    ,0.18    ,5.49   ,-1.96    ,2.43    ,0.01
2009-09    ,4.54    ,3.27    ,1.51    ,1.48   ,-1.33    ,0.01
2009-10   ,-2.75   ,-3.54   ,-2.60    ,3.87   ,-0.87    ,0.00
2009-11    ,5.76   ,-2.09   ,-0.15    ,0.50   ,-0.92    ,0.00
2009-12    ,3.02    ,5.53    ,0.19    ,0.90   ,-0.47    ,0.01
2010-01   ,-3.63    ,0.55    ,0.64   ,-1.41    ,1.86    ,0.00
2010-02    ,3.71    ,1.32    ,2.73   ,-0.24    ,0.04    ,0.00
2010-03    ,6.27    ,1.69    ,1.40   ,-1.21    ,0.69    ,0.01
2010-04    ,1.92    ,4.13    ,2.06    ,0.98    ,1.24    ,0.01
2010-05   ,-7.86    ,0.28   ,-2.20    ,0.33    ,0.30    ,0.01
2010-06   ,-5.50   ,-1.75   ,-3.82   ,-0.15   ,-0.63    ,0.01
2010-07    ,6.95    ,0.09    ,1.08    ,0.20    ,2.02    ,0.01
2010-08   ,-4.45   ,-1.90   ,-2.17    ,0.70   ,-3.13    ,0.01
2010-09    ,9.47    ,3.57   ,-1.83   ,-0.21   ,-0.12    ,0.01
2010-10    ,3.89    ,0.80   ,-1.40    ,0.83    ,0.11    ,0.01
2010-11    ,0.81    ,3.81    ,0.04   ,-0.15    ,0.67    ,0.01
2010-12    ,6.83    ,1.25    ,3.45   ,-3.64    ,2.48    ,0.01
2011-01    ,1.98   ,-2.06    ,1.33    ,0.13    ,1.24    ,0.01
2011-02    ,4.01    ,1.89    ,0.40   ,-1.93   ,-0.39    ,0.01
2011-03    ,0.43    ,2.16   ,-1.72    ,2.19    ,0.76    ,0.01
2011-04    ,2.79   ,-0.03   ,-2.28    ,1.24   ,-0.60    ,0.00
2011-05   ,-1.48   ,-0.96   ,-1.45    ,2.71   ,-0.73    ,0.00
2011-06   ,-1.87   ,-0.40   ,-0.23    ,2.71    ,0.09    ,0.00
2011-07   ,-2.28   ,-0.71   ,-1.96    ,1.93   ,-1.91    ,0.00
2011-08   ,-5.92   ,-2.85   ,-1.85    ,1.67   ,-0.66    ,0.01
2011-09   ,-8.57   ,-3.87   ,-0.55    ,2.66    ,0.25    ,0.00
2011-10   ,11.56    ,3.21   ,-0.05   ,-1.07   ,-0.16    ,0.00
2011-11   ,-0.46   ,-0.63   ,-0.24    ,1.73    ,1.06    ,0.00
2011-12    ,0.33   ,-0.50    ,2.89    ,0.00    ,2.94    ,0.00
2012-01    ,5.27    ,2.22   ,-2.95   ,-1.60   ,-1.46    ,0.00
2012-02    ,4.32   ,-1.32    ,0.14    ,0.42    ,0.14    ,0.00
2012-03    ,2.40   ,-1.14    ,0.72   ,-0.85    ,1.42    ,0.00
2012-04   ,-0.64   ,-0.96   ,-0.30    ,1.06    ,0.52    ,0.00
2012-05   ,-6.69   ,-0.42    ,0.44    ,2.01    ,2.74    ,0.01
2012-06    ,3.74    ,0.50    ,0.34   ,-0.98    ,0.72    ,0.00
2012-07    ,1.01   ,-2.24    ,0.72    ,0.77    ,0.10    ,0.00
2012-08    ,2.76    ,0.79    ,0.24   ,-1.12   ,-1.12    ,0.01
2012-09    ,2.80    ,0.88    ,0.68   ,-1.68    ,0.75    ,0.01
2012-10   ,-1.63   ,-0.37    ,3.72   ,-0.93    ,2.27    ,0.01
2012-11    ,0.65   ,-0.05   ,-0.73    ,0.76    ,0.86    ,0.01
2012-12    ,1.30    ,1.98    ,3.03   ,-1.59    ,0.70    ,0.01
2013-01    ,5.33    ,0.51    ,1.54   ,-0.75    ,2.22    ,0.00
2013-02    ,0.96   ,-0.91   ,-0.01    ,0.19    ,1.09    ,0.00
2013-03    ,3.71    ,0.82   ,-0.15    ,0.78    ,1.86    ,0.00
2013-04    ,1.27   ,-2.69   ,-0.02    ,0.38    ,0.99    ,0.00
2013-05    ,2.53    ,1.55    ,1.12   ,-1.19   ,-0.99    ,0.00
2013-06   ,-1.52    ,0.99    ,0.52   ,-0.26    ,0.14    ,0.00
2013-07    ,5.69    ,1.70   ,-0.24   ,-1.22   ,-0.23    ,0.00
2013-08   ,-2.53    ,0.24   ,-2.13    ,0.78   ,-2.32    ,0.00
2013-09    ,3.82    ,2.01   ,-1.42    ,0.09   ,-1.29    ,0.00
2013-10    ,4.09   ,-1.55    ,0.65    ,1.73    ,0.62    ,0.00
2013-11    ,2.79    ,0.89   ,-0.53    ,0.51    ,0.62    ,0.00
2013-12    ,2.64   ,-0.59   ,-0.08   ,-0.69   ,-0.42    ,0.00
2014-01   ,-3.42    ,0.62   ,-1.43   ,-3.01   ,-1.17    ,0.00
2014-02    ,4.72    ,0.15   ,-0.42   ,-0.09   ,-0.70    ,0.00
2014-03    ,0.62   ,-0.85    ,4.88    ,1.66    ,2.15    ,0.00
2014-04    ,0.25   ,-3.15    ,1.78    ,3.02    ,1.00    ,0.00
2014-05    ,1.98   ,-1.91   ,-0.57   ,-0.02   ,-1.17    ,0.00
2014-06    ,2.81    ,2.96    ,0.52   ,-2.09   ,-2.17    ,0.00
2014-07   ,-2.06   ,-4.07   ,-0.04    ,0.80   ,-0.01    ,0.00
2014-08    ,4.06    ,0.44   ,-1.01    ,0.51   ,-0.49    ,0.00
2014-09   ,-2.45   ,-3.93   ,-2.62    ,1.24   ,-0.79    ,0.00
2014-10    ,2.03    ,2.20   ,-3.48    ,0.30   ,-0.20    ,0.00
2014-11    ,2.22   ,-2.39   ,-2.95    ,1.31    ,0.17    ,0.00
2014-12   ,-0.20    ,1.89    ,0.77   ,-1.68    ,0.93    ,0.00
2015-01   ,-3.47   ,-1.19   ,-3.89    ,2.14   ,-1.11    ,0.00
2015-02    ,6.15    ,0.57   ,-1.35   ,-1.05   ,-1.95    ,0.00
2015-03   ,-1.20    ,2.50   ,-0.94    ,0.00   ,-0.56    ,0.00
2015-04    ,1.11   ,-2.33    ,3.37   ,-0.64   ,-0.32    ,0.00
2015-05    ,1.00    ,0.38   ,-1.79   ,-1.34   ,-0.60    ,0.00
2015-06   ,-1.70    ,2.51   ,-1.32   ,-0.55   ,-1.04    ,0.00
2015-07    ,1.05   ,-4.88   ,-5.07    ,0.94   ,-2.12    ,0.00
2015-08   ,-5.93    ,0.35    ,3.45    ,0.26    ,0.99    ,0.00
2015-09   ,-3.35   ,-2.86    ,0.72    ,1.54   ,-0.20    ,0.00
2015-10    ,7.53   ,-2.05    ,0.52    ,0.09   ,-0.01    ,0.00
2015-11    ,0.45    ,2.14   ,-1.25   ,-2.07   ,-0.86    ,0.00
2015-12   ,-2.45   ,-3.09   ,-2.20   ,-0.45    ,0.36    ,0.01
2016-01   ,-5.73   ,-3.12    ,4.02    ,2.95    ,2.70    ,0.01
2016-02    ,0.26    ,1.56    ,0.91    ,1.90    ,2.61    ,0.02
2016-03    ,7.00    ,1.52    ,2.00    ,0.09    ,0.45    ,0.02
2016-04    ,1.12    ,2.56    ,3.72   ,-3.61    ,2.65    ,0.01
2016-05    ,1.39   ,-0.57   ,-2.61    ,0.00   ,-2.27    ,0.01
2016-06   ,-0.11    ,0.44    ,0.24    ,0.33    ,2.29    ,0.02
2016-07    ,3.92    ,2.07   ,-2.90    ,0.89   ,-1.68    ,0.02
2016-08    ,0.43    ,1.21    ,1.59   ,-0.97   ,-0.23    ,0.02
2016-09    ,0.34    ,1.35   ,-1.07   ,-1.65   ,-0.05    ,0.02
2016-10   ,-2.05   ,-3.27    ,2.89    ,0.21    ,0.42    ,0.02
2016-11    ,4.54    ,5.29    ,6.78   ,-2.62    ,3.29    ,0.01
2016-12    ,1.77    ,0.20    ,3.10    ,0.04    ,0.45    ,0.03
2017-01    ,2.13   ,-1.01   ,-1.84   ,-0.23   ,-1.69    ,0.04
2017-02    ,3.24   ,-1.81   ,-3.40    ,0.25   ,-1.52    ,0.04
2017-03    ,0.21    ,0.35   ,-2.95    ,1.63   ,-1.12    ,0.03
2017-04    ,0.84   ,-0.16   ,-3.05    ,1.79   ,-1.57    ,0.05
2017-05    ,0.93   ,-2.70   ,-4.28    ,2.34   ,-1.75    ,0.06
2017-06    ,0.99    ,2.50    ,1.66   ,-2.69   ,-0.87    ,0.06
2017-07    ,1.97   ,-1.14    ,0.08   ,-0.69   ,-0.05    ,0.07
2017-08    ,0.06   ,-1.41   ,-2.61    ,1.29   ,-2.43    ,0.09
2017-09    ,2.48    ,3.24    ,2.58   ,-1.33    ,1.64    ,0.09
2017-10    ,1.98   ,-1.72   ,-1.69    ,1.47   ,-3.48    ,0.09
2017-11    ,2.88   ,-0.13   ,-1.02    ,2.69    ,0.18    ,0.08
2017-12    ,1.18   ,-0.33   ,-0.34    ,0.57    ,1.12    ,0.09
2018-01    ,5.23   ,-2.88   ,-2.87    ,0.00   ,-1.08    ,0.11
2018-02   ,-3.95   ,-0.23   ,-2.74    ,0.86   ,-2.59    ,0.11
2018-03   ,-2.17    ,2.98    ,0.16   ,-0.46   ,-0.04    ,0.12
2018-04    ,0.35    ,0.46    ,1.36   ,-1.91    ,0.74    ,0.14
2018-05    ,2.51    ,2.86   ,-3.41   ,-1.37   ,-1.71    ,0.14
2018-06    ,0.39    ,0.18   ,-1.04    ,1.18    ,0.88    ,0.14
2018-07    ,3.11   ,-2.11    ,0.79    ,1.12    ,0.55    ,0.16
2018-08    ,3.09    ,0.56   ,-5.77    ,0.56   ,-3.46    ,0.16
2018-09    ,0.06   ,-2.24   ,-1.10    ,0.38    ,0.59    ,0.15
2018-10   ,-7.81   ,-3.80    ,3.67    ,0.24    ,2.82    ,0.19
2018-11    ,1.62   ,-1.49    ,0.28   ,-0.21    ,1.03    ,0.18
2018-12   ,-9.52   ,-2.19   ,-0.81   ,-0.20   ,-0.51    ,0.19
2019-01    ,8.59    ,2.87   ,-1.15   ,-0.86   ,-1.57    ,0.21
2019-02    ,3.39    ,1.98   ,-3.23   ,-0.04   ,-1.27    ,0.18
2019-03    ,0.95   ,-3.39   ,-3.77    ,1.34   ,-1.39    ,0.19
2019-04    ,3.90   ,-0.96    ,0.81    ,1.15   ,-1.19    ,0.21
2019-05   ,-6.82   ,-1.08   ,-1.18   ,-0.26    ,0.86    ,0.21
2019-06    ,6.99    ,0.52   ,-1.18    ,0.46   ,-0.85    ,0.18
2019-07    ,1.07   ,-1.01   ,-0.69    ,0.27    ,0.00    ,0.19
2019-08   ,-2.48   ,-3.36   ,-2.41    ,1.40   ,-0.59    ,0.16
2019-09    ,1.52    ,0.28    ,6.13    ,1.43    ,3.14    ,0.18
2019-10    ,1.83    ,0.01   ,-1.47    ,1.06   ,-0.98    ,0.15
2019-11    ,3.80    ,0.21   ,-2.79   ,-1.67   ,-1.41    ,0.12
2019-12    ,2.79    ,0.82    ,1.43   ,-0.21    ,1.57    ,0.14
2020-01   ,-0.34   ,-3.74   ,-6.08   ,-0.04   ,-2.84    ,0.13
2020-02   ,-8.23   ,-0.69   ,-2.50   ,-0.83   ,-2.42    ,0.12
2020-03  ,-14.09   ,-9.81  ,-10.40    ,0.12   ,-1.75    ,0.12
2020-04   ,13.33    ,3.82   ,-2.54    ,2.03   ,-0.38    ,0.00
2020-05    ,5.45    ,2.22   ,-5.40    ,0.89   ,-2.79    ,0.01
2020-06    ,2.43    ,1.54   ,-3.58    ,1.39   ,-0.47    ,0.01
2020-07    ,5.71   ,-2.63   ,-2.21    ,0.56    ,0.32    ,0.01
2020-08    ,7.44   ,-1.31   ,-4.61    ,3.36   ,-1.38    ,0.01
2020-09   ,-3.66    ,0.29   ,-2.07    ,0.11   ,-1.04    ,0.01
2020-10   ,-2.11    ,4.91    ,2.43   ,-2.10   ,-0.89    ,0.01
2020-11   ,12.53    ,5.64    ,3.10   ,-2.48    ,1.36    ,0.01
2020-12    ,4.60    ,4.16   ,-2.04   ,-1.74    ,0.60    ,0.01
2021-01   ,-0.30    ,4.78    ,1.45   ,-2.62    ,2.00    ,0.00
2021-02    ,3.19    ,3.97    ,8.64   ,-0.91    ,0.20    ,0.00
2021-03    ,3.52   ,-1.84    ,8.09    ,4.26    ,4.70    ,0.00
2021-04    ,5.13   ,-2.22   ,-0.81    ,1.80   ,-2.09    ,0.00
2021-05    ,0.69    ,0.21    ,6.22    ,0.10    ,3.48    ,0.00
2021-06    ,2.31   ,-1.57   ,-7.85   ,-0.17   ,-3.00    ,0.00
2021-07    ,1.23   ,-4.53   ,-1.37    ,5.17    ,1.11    ,0.00
2021-08    ,2.81   ,-1.44   ,-0.51    ,0.00   ,-1.77    ,0.00
2021-09   ,-4.28    ,1.44    ,3.87   ,-2.55    ,2.10    ,0.00
2021-10    ,6.67   ,-2.93   ,-1.37    ,1.17   ,-1.92    ,0.00
2021-11   ,-1.82   ,-2.72   ,-0.28    ,6.22    ,0.97    ,0.00
2021-12    ,3.49   ,-1.24    ,5.27    ,3.61    ,6.60    ,0.01
2022-01   ,-5.74   ,-3.30   ,12.14   ,-0.98    ,9.68    ,0.00
2022-02   ,-2.22    ,2.86    ,3.26   ,-2.94    ,2.59    ,0.00
2022-03    ,3.28   ,-1.82   ,-1.04   ,-0.37    ,2.80    ,0.00
2022-04   ,-9.09    ,0.22    ,6.57    ,2.32    ,8.20    ,0.00
2022-05   ,-0.12    ,0.02    ,8.28   ,-0.27    ,5.21    ,0.03
2022-06   ,-8.46    ,1.00   ,-5.12    ,2.85   ,-3.49    ,0.06
2022-07    ,9.24    ,0.76   ,-5.56    ,2.92   ,-6.47    ,0.08
2022-08   ,-3.77    ,0.98    ,1.58   ,-2.61    ,1.35    ,0.19
2022-09   ,-9.30   ,-0.82    ,0.55   ,-1.57   ,-0.05    ,0.19
2022-10    ,7.96    ,1.44    ,7.66    ,1.10    ,6.64    ,0.23
2022-11    ,4.82   ,-1.21    ,0.85    ,3.54    ,2.54    ,0.29
2022-12   ,-6.30    ,0.31    ,1.77    ,0.14    ,3.92    ,0.33
2023-01    ,6.77    ,3.62   ,-3.52   ,-0.35   ,-4.20    ,0.35
2023-02   ,-2.68    ,0.53   ,-2.18    ,0.78   ,-0.94    ,0.34
2023-03    ,2.29   ,-6.27   ,-7.93    ,3.80   ,-1.41    ,0.36
2023-04    ,0.69   ,-2.19    ,1.25    ,2.27    ,2.50    ,0.35
2023-05   ,-0.10   ,-1.49   ,-8.10   ,-0.35   ,-6.49    ,0.36
2023-06    ,6.48    ,1.73   ,-0.98    ,2.42   ,-1.09    ,0.40
2023-07    ,3.15    ,1.77    ,3.16   ,-0.68    ,0.70    ,0.45
2023-08   ,-2.44   ,-2.46   ,-1.24    ,3.62   ,-0.95    ,0.45
2023-09   ,-5.09   ,-1.21    ,1.62    ,0.70    ,0.27    ,0.43
2023-10   ,-3.33   ,-3.78   ,-0.46    ,2.47    ,0.11    ,0.47
2023-11    ,8.81   ,-0.32   ,-1.66   ,-2.96   ,-1.69    ,0.44
2023-12    ,4.85    ,5.30    ,1.77   ,-3.02   ,-0.49    ,0.43
2024-01    ,0.62   ,-4.63   ,-1.04    ,1.56   ,-0.41    ,0.47
2024-02    ,4.83   ,-0.94   ,-2.64    ,1.07   ,-2.48    ,0.42
2024-03    ,2.85    ,0.04    ,4.51    ,0.88    ,1.67    ,0.43
2024-04   ,-4.65   ,-1.88    ,0.04    ,0.35    ,0.06    ,0.47
2024-05    ,4.24    ,0.11   ,-1.31    ,1.88   ,-1.93    ,0.44
2024-06    ,2.43   ,-3.92   ,-6.20    ,0.97   ,-2.24    ,0.41
2024-07    ,1.48    ,5.88    ,4.59   ,-1.66    ,0.72    ,0.45
2024-08    ,1.68   ,-3.02   ,-1.07   ,-0.34    ,0.64    ,0.48
2024-09    ,1.71   ,-0.50   ,-1.90   ,-0.24    ,0.14    ,0.40
2024-10   ,-1.07   ,-0.20    ,0.55   ,-1.80    ,0.46    ,0.39
2024-11    ,6.41    ,2.62   ,-0.13   ,-2.73   ,-1.40    ,0.40
2024-12   ,-3.45   ,-3.88   ,-3.19    ,2.02    ,0.85    ,0.37
2025-01    ,2.84   ,-0.33    ,1.95   ,-3.34   ,-3.10    ,0.37
2025-02   ,-2.29   ,-3.28    ,2.85    ,1.64    ,3.60    ,0.33
2025-03   ,-6.15   ,-0.40    ,4.27    ,1.27   ,-0.26    ,0.34
2025-04   ,-0.63   ,-0.66   ,-3.49   ,-1.60   ,-1.69    ,0.35
2025-05    ,6.02   ,-0.48   ,-1.93   ,-0.50   ,-0.37    ,0.38
2025-06    ,4.79   ,-0.53    ,0.65   ,-2.37    ,0.59    ,0.34